Generator,MMD,Wasserstein_Distance,Mean_Euclidean_Distance,KL_Divergence,Trace_Difference,FID_Score
fm,-5.2978514e-08,0.05097530391458349,4.019101,372.8617370744315,-15.43807659518805,44.74112991580293
fm_100_steps,6.8618775e-08,0.06287802189342706,4.1281176,407.7660774792705,-10.542072011113945,44.7527885375448
sd15_r4,-3.277588e-08,0.08409652421458702,8.495854,1375034094.992089,-21.7663873879157,151.6542036074582
sd15_r8,-3.6123174e-07,0.25149995395545943,8.529399,2946961346.3606143,-13.108286433960558,171.49432109582335
