Generator,MMD,Wasserstein_Distance,Mean_Euclidean_Distance,KL_Divergence,Trace_Difference,FID_Score
fm,-5.2978514e-08,0.05097530391458349,4.019101,372.8617370744315,-15.43807659518805,44.74112991580293
sd15_r4,-1.2019912e-07,0.09097293894934921,6.498239,998893565.3519461,10.095660072384703,91.5676113514287
sd15_r8,-6.530776e-09,0.08494648244438707,7.4395175,807423179.6698382,12.89388005031519,105.46503388622276
