Generator,MMD,Wasserstein_Distance,Mean_Euclidean_Distance,KL_Divergence,Trace_Difference,FID_Score
sd15_r4,-4.1294676e-08,0.06805263854053578,7.613801,35761757.2400084,-22.16088377852526,76.35119279914349
sd15_r8,5.310904e-08,0.048312212627751094,5.071682,40787734.63166203,-19.610327550004452,40.6317378729551
sd15_r16,-4.1706087e-08,0.03968304284278856,3.5521626,97955.3557834203,4.240510292440895,17.518127802872325
