Host: kn174
Start time: Sun May 31 20:23:37 EDT 2026
Project root: /project/6109890/bacobax2/ir-generative-study
Conda env: diffusers-dev
Checkpoint-selection config: /project/6109890/bacobax2/ir-generative-study/configs/eval/bigearthnet_s2_b08_5x5_stride3_stage1_single_runs/checkpoint_selection_bigearthnet_s2_b08_5x5_stride3_sd15_lora_stage1_r8_train_5100.yaml
PREFLIGHT: 0
GENERATION_SMOKE_TEST: 0
CLEANUP_CHECKPOINTS: 0
/home/bacobax2/miniforge3/envs/diffusers-dev/bin/python
Python 3.10.20
Sun May 31 20:23:37 2026       
+-----------------------------------------------------------------------------------------+
| NVIDIA-SMI 580.159.03             Driver Version: 580.159.03     CUDA Version: 13.0     |
+-----------------------------------------+------------------------+----------------------+
| GPU  Name                 Persistence-M | Bus-Id          Disp.A | Volatile Uncorr. ECC |
| Fan  Temp   Perf          Pwr:Usage/Cap |           Memory-Usage | GPU-Util  Compute M. |
|                                         |                        |               MIG M. |
|=========================================+========================+======================|
|   0  NVIDIA H100 80GB HBM3          Off |   00000000:19:00.0 Off |                    0 |
| N/A   37C    P0             77W /  700W |       0MiB /  81559MiB |      0%      Default |
|                                         |                        |             Disabled |
+-----------------------------------------+------------------------+----------------------+

+-----------------------------------------------------------------------------------------+
| Processes:                                                                              |
|  GPU   GI   CI              PID   Type   Process name                        GPU Memory |
|        ID   ID                                                               Usage      |
|=========================================================================================|
|  No running processes found                                                             |
+-----------------------------------------------------------------------------------------+
3:  - run_identifier: "bigearthnet_s2_b08_5x5_stride3_sd15_lora_stage1_r8_train_5100"
13:stage1_num_images: 200
14:stage2_extra_images: 800
15:stage3_extra_images: 1000
50:generation_batch_size: 8
56:num_inference_steps: 40
60:output_root: "/scratch/bacobax2/bigearthnet_s2_b08_5x5_stride3_stage1_checkpoint_selection_single_runs"
61:analysis_output_root: null
{
  "runs": [
    {
      "all_candidate_checkpoints": [
        {
          "checkpoint_identifier": "final",
          "checkpoint_kind": "final",
          "checkpoint_path": "/project/6109890/bacobax2/ir-generative-study/artifacts/checkpoints/stable_diffusion/lora_runs/bigearthnet_s2_b08_5x5_stride3_sd15_lora_stage1_r8_train_5100",
          "epoch": null,
          "source": "sd_stage1_final_export",
          "step": null
        },
        {
          "checkpoint_identifier": "step_011200",
          "checkpoint_kind": "step",
          "checkpoint_path": "/project/6109890/bacobax2/ir-generative-study/artifacts/checkpoints/stable_diffusion/lora_runs/bigearthnet_s2_b08_5x5_stride3_sd15_lora_stage1_r8_train_5100/checkpoint-11200",
          "epoch": null,
          "source": "diffusers_checkpoint_dir",
          "step": 11200
        },
        {
          "checkpoint_identifier": "step_012800",
          "checkpoint_kind": "step",
          "checkpoint_path": "/project/6109890/bacobax2/ir-generative-study/artifacts/checkpoints/stable_diffusion/lora_runs/bigearthnet_s2_b08_5x5_stride3_sd15_lora_stage1_r8_train_5100/checkpoint-12800",
          "epoch": null,
          "source": "diffusers_checkpoint_dir",
          "step": 12800
        },
        {
          "checkpoint_identifier": "step_014400",
          "checkpoint_kind": "step",
          "checkpoint_path": "/project/6109890/bacobax2/ir-generative-study/artifacts/checkpoints/stable_diffusion/lora_runs/bigearthnet_s2_b08_5x5_stride3_sd15_lora_stage1_r8_train_5100/checkpoint-14400",
          "epoch": null,
          "source": "diffusers_checkpoint_dir",
          "step": 14400
        },
        {
          "checkpoint_identifier": "step_001600",
          "checkpoint_kind": "step",
          "checkpoint_path": "/project/6109890/bacobax2/ir-generative-study/artifacts/checkpoints/stable_diffusion/lora_runs/bigearthnet_s2_b08_5x5_stride3_sd15_lora_stage1_r8_train_5100/checkpoint-1600",
          "epoch": null,
          "source": "diffusers_checkpoint_dir",
          "step": 1600
        },
        {
          "checkpoint_identifier": "step_016000",
          "checkpoint_kind": "step",
          "checkpoint_path": "/project/6109890/bacobax2/ir-generative-study/artifacts/checkpoints/stable_diffusion/lora_runs/bigearthnet_s2_b08_5x5_stride3_sd15_lora_stage1_r8_train_5100/checkpoint-16000",
          "epoch": null,
          "source": "diffusers_checkpoint_dir",
          "step": 16000
        },
        {
          "checkpoint_identifier": "step_003200",
          "checkpoint_kind": "step",
          "checkpoint_path": "/project/6109890/bacobax2/ir-generative-study/artifacts/checkpoints/stable_diffusion/lora_runs/bigearthnet_s2_b08_5x5_stride3_sd15_lora_stage1_r8_train_5100/checkpoint-3200",
          "epoch": null,
          "source": "diffusers_checkpoint_dir",
          "step": 3200
        },
        {
          "checkpoint_identifier": "step_004800",
          "checkpoint_kind": "step",
          "checkpoint_path": "/project/6109890/bacobax2/ir-generative-study/artifacts/checkpoints/stable_diffusion/lora_runs/bigearthnet_s2_b08_5x5_stride3_sd15_lora_stage1_r8_train_5100/checkpoint-4800",
          "epoch": null,
          "source": "diffusers_checkpoint_dir",
          "step": 4800
        },
        {
          "checkpoint_identifier": "step_006400",
          "checkpoint_kind": "step",
          "checkpoint_path": "/project/6109890/bacobax2/ir-generative-study/artifacts/checkpoints/stable_diffusion/lora_runs/bigearthnet_s2_b08_5x5_stride3_sd15_lora_stage1_r8_train_5100/checkpoint-6400",
          "epoch": null,
          "source": "diffusers_checkpoint_dir",
          "step": 6400
        },
        {
          "checkpoint_identifier": "step_008000",
          "checkpoint_kind": "step",
          "checkpoint_path": "/project/6109890/bacobax2/ir-generative-study/artifacts/checkpoints/stable_diffusion/lora_runs/bigearthnet_s2_b08_5x5_stride3_sd15_lora_stage1_r8_train_5100/checkpoint-8000",
          "epoch": null,
          "source": "diffusers_checkpoint_dir",
          "step": 8000
        },
        {
          "checkpoint_identifier": "step_009600",
          "checkpoint_kind": "step",
          "checkpoint_path": "/project/6109890/bacobax2/ir-generative-study/artifacts/checkpoints/stable_diffusion/lora_runs/bigearthnet_s2_b08_5x5_stride3_sd15_lora_stage1_r8_train_5100/checkpoint-9600",
          "epoch": null,
          "source": "diffusers_checkpoint_dir",
          "step": 9600
        }
      ],
      "analysis_previews": {
        "analysis_preview_root": "/scratch/bacobax2/bigearthnet_s2_b08_5x5_stride3_stage1_checkpoint_selection_single_runs/bigearthnet_s2_b08_5x5_stride3_sd15_lora_stage1_r8_train_5100",
        "run_identifier": "bigearthnet_s2_b08_5x5_stride3_sd15_lora_stage1_r8_train_5100",
        "stages": [
          {
            "analysis_preview_folder": "/scratch/bacobax2/bigearthnet_s2_b08_5x5_stride3_stage1_checkpoint_selection_single_runs/bigearthnet_s2_b08_5x5_stride3_sd15_lora_stage1_r8_train_5100/final/stage1",
            "checkpoint_identifier": "final",
            "columns": 4,
            "normalization_mode": "sentinel2_reflectance",
            "num_preview_images": 16,
            "preview_grid": "/scratch/bacobax2/bigearthnet_s2_b08_5x5_stride3_stage1_checkpoint_selection_single_runs/bigearthnet_s2_b08_5x5_stride3_sd15_lora_stage1_r8_train_5100/final/stage1/preview_grid.png",
            "preview_images": [
              "/scratch/bacobax2/bigearthnet_s2_b08_5x5_stride3_stage1_checkpoint_selection_single_runs/bigearthnet_s2_b08_5x5_stride3_sd15_lora_stage1_r8_train_5100/final/stage1/previews/sample_000000.png",
              "/scratch/bacobax2/bigearthnet_s2_b08_5x5_stride3_stage1_checkpoint_selection_single_runs/bigearthnet_s2_b08_5x5_stride3_sd15_lora_stage1_r8_train_5100/final/stage1/previews/sample_000001.png",
              "/scratch/bacobax2/bigearthnet_s2_b08_5x5_stride3_stage1_checkpoint_selection_single_runs/bigearthnet_s2_b08_5x5_stride3_sd15_lora_stage1_r8_train_5100/final/stage1/previews/sample_000002.png",
              "/scratch/bacobax2/bigearthnet_s2_b08_5x5_stride3_stage1_checkpoint_selection_single_runs/bigearthnet_s2_b08_5x5_stride3_sd15_lora_stage1_r8_train_5100/final/stage1/previews/sample_000003.png",
              "/scratch/bacobax2/bigearthnet_s2_b08_5x5_stride3_stage1_checkpoint_selection_single_runs/bigearthnet_s2_b08_5x5_stride3_sd15_lora_stage1_r8_train_5100/final/stage1/previews/sample_000004.png",
              "/scratch/bacobax2/bigearthnet_s2_b08_5x5_stride3_stage1_checkpoint_selection_single_runs/bigearthnet_s2_b08_5x5_stride3_sd15_lora_stage1_r8_train_5100/final/stage1/previews/sample_000005.png",
              "/scratch/bacobax2/bigearthnet_s2_b08_5x5_stride3_stage1_checkpoint_selection_single_runs/bigearthnet_s2_b08_5x5_stride3_sd15_lora_stage1_r8_train_5100/final/stage1/previews/sample_000006.png",
              "/scratch/bacobax2/bigearthnet_s2_b08_5x5_stride3_stage1_checkpoint_selection_single_runs/bigearthnet_s2_b08_5x5_stride3_sd15_lora_stage1_r8_train_5100/final/stage1/previews/sample_000007.png",
              "/scratch/bacobax2/bigearthnet_s2_b08_5x5_stride3_stage1_checkpoint_selection_single_runs/bigearthnet_s2_b08_5x5_stride3_sd15_lora_stage1_r8_train_5100/final/stage1/previews/sample_000008.png",
              "/scratch/bacobax2/bigearthnet_s2_b08_5x5_stride3_stage1_checkpoint_selection_single_runs/bigearthnet_s2_b08_5x5_stride3_sd15_lora_stage1_r8_train_5100/final/stage1/previews/sample_000009.png",
              "/scratch/bacobax2/bigearthnet_s2_b08_5x5_stride3_stage1_checkpoint_selection_single_runs/bigearthnet_s2_b08_5x5_stride3_sd15_lora_stage1_r8_train_5100/final/stage1/previews/sample_000010.png",
              "/scratch/bacobax2/bigearthnet_s2_b08_5x5_stride3_stage1_checkpoint_selection_single_runs/bigearthnet_s2_b08_5x5_stride3_sd15_lora_stage1_r8_train_5100/final/stage1/previews/sample_000011.png",
              "/scratch/bacobax2/bigearthnet_s2_b08_5x5_stride3_stage1_checkpoint_selection_single_runs/bigearthnet_s2_b08_5x5_stride3_sd15_lora_stage1_r8_train_5100/final/stage1/previews/sample_000012.png",
              "/scratch/bacobax2/bigearthnet_s2_b08_5x5_stride3_stage1_checkpoint_selection_single_runs/bigearthnet_s2_b08_5x5_stride3_sd15_lora_stage1_r8_train_5100/final/stage1/previews/sample_000013.png",
              "/scratch/bacobax2/bigearthnet_s2_b08_5x5_stride3_stage1_checkpoint_selection_single_runs/bigearthnet_s2_b08_5x5_stride3_sd15_lora_stage1_r8_train_5100/final/stage1/previews/sample_000014.png",
              "/scratch/bacobax2/bigearthnet_s2_b08_5x5_stride3_stage1_checkpoint_selection_single_runs/bigearthnet_s2_b08_5x5_stride3_sd15_lora_stage1_r8_train_5100/final/stage1/previews/sample_000015.png"
            ],
            "run_identifier": "bigearthnet_s2_b08_5x5_stride3_sd15_lora_stage1_r8_train_5100",
            "source_generated_image_folder": "/scratch/bacobax2/bigearthnet_s2_b08_5x5_stride3_stage1_checkpoint_selection_single_runs/bigearthnet_s2_b08_5x5_stride3_sd15_lora_stage1_r8_train_5100/final/stage1/generated_npy_images",
            "stage": "stage1",
            "tile_size": 512,
            "timestamp": "2026-06-01T02:31:19.683294+00:00"
          },
          {
            "analysis_preview_folder": "/scratch/bacobax2/bigearthnet_s2_b08_5x5_stride3_stage1_checkpoint_selection_single_runs/bigearthnet_s2_b08_5x5_stride3_sd15_lora_stage1_r8_train_5100/step_011200/stage1",
            "checkpoint_identifier": "step_011200",
            "columns": 4,
            "normalization_mode": "sentinel2_reflectance",
            "num_preview_images": 16,
            "preview_grid": "/scratch/bacobax2/bigearthnet_s2_b08_5x5_stride3_stage1_checkpoint_selection_single_runs/bigearthnet_s2_b08_5x5_stride3_sd15_lora_stage1_r8_train_5100/step_011200/stage1/preview_grid.png",
            "preview_images": [
              "/scratch/bacobax2/bigearthnet_s2_b08_5x5_stride3_stage1_checkpoint_selection_single_runs/bigearthnet_s2_b08_5x5_stride3_sd15_lora_stage1_r8_train_5100/step_011200/stage1/previews/sample_000000.png",
              "/scratch/bacobax2/bigearthnet_s2_b08_5x5_stride3_stage1_checkpoint_selection_single_runs/bigearthnet_s2_b08_5x5_stride3_sd15_lora_stage1_r8_train_5100/step_011200/stage1/previews/sample_000001.png",
              "/scratch/bacobax2/bigearthnet_s2_b08_5x5_stride3_stage1_checkpoint_selection_single_runs/bigearthnet_s2_b08_5x5_stride3_sd15_lora_stage1_r8_train_5100/step_011200/stage1/previews/sample_000002.png",
              "/scratch/bacobax2/bigearthnet_s2_b08_5x5_stride3_stage1_checkpoint_selection_single_runs/bigearthnet_s2_b08_5x5_stride3_sd15_lora_stage1_r8_train_5100/step_011200/stage1/previews/sample_000003.png",
              "/scratch/bacobax2/bigearthnet_s2_b08_5x5_stride3_stage1_checkpoint_selection_single_runs/bigearthnet_s2_b08_5x5_stride3_sd15_lora_stage1_r8_train_5100/step_011200/stage1/previews/sample_000004.png",
              "/scratch/bacobax2/bigearthnet_s2_b08_5x5_stride3_stage1_checkpoint_selection_single_runs/bigearthnet_s2_b08_5x5_stride3_sd15_lora_stage1_r8_train_5100/step_011200/stage1/previews/sample_000005.png",
              "/scratch/bacobax2/bigearthnet_s2_b08_5x5_stride3_stage1_checkpoint_selection_single_runs/bigearthnet_s2_b08_5x5_stride3_sd15_lora_stage1_r8_train_5100/step_011200/stage1/previews/sample_000006.png",
              "/scratch/bacobax2/bigearthnet_s2_b08_5x5_stride3_stage1_checkpoint_selection_single_runs/bigearthnet_s2_b08_5x5_stride3_sd15_lora_stage1_r8_train_5100/step_011200/stage1/previews/sample_000007.png",
              "/scratch/bacobax2/bigearthnet_s2_b08_5x5_stride3_stage1_checkpoint_selection_single_runs/bigearthnet_s2_b08_5x5_stride3_sd15_lora_stage1_r8_train_5100/step_011200/stage1/previews/sample_000008.png",
              "/scratch/bacobax2/bigearthnet_s2_b08_5x5_stride3_stage1_checkpoint_selection_single_runs/bigearthnet_s2_b08_5x5_stride3_sd15_lora_stage1_r8_train_5100/step_011200/stage1/previews/sample_000009.png",
              "/scratch/bacobax2/bigearthnet_s2_b08_5x5_stride3_stage1_checkpoint_selection_single_runs/bigearthnet_s2_b08_5x5_stride3_sd15_lora_stage1_r8_train_5100/step_011200/stage1/previews/sample_000010.png",
              "/scratch/bacobax2/bigearthnet_s2_b08_5x5_stride3_stage1_checkpoint_selection_single_runs/bigearthnet_s2_b08_5x5_stride3_sd15_lora_stage1_r8_train_5100/step_011200/stage1/previews/sample_000011.png",
              "/scratch/bacobax2/bigearthnet_s2_b08_5x5_stride3_stage1_checkpoint_selection_single_runs/bigearthnet_s2_b08_5x5_stride3_sd15_lora_stage1_r8_train_5100/step_011200/stage1/previews/sample_000012.png",
              "/scratch/bacobax2/bigearthnet_s2_b08_5x5_stride3_stage1_checkpoint_selection_single_runs/bigearthnet_s2_b08_5x5_stride3_sd15_lora_stage1_r8_train_5100/step_011200/stage1/previews/sample_000013.png",
              "/scratch/bacobax2/bigearthnet_s2_b08_5x5_stride3_stage1_checkpoint_selection_single_runs/bigearthnet_s2_b08_5x5_stride3_sd15_lora_stage1_r8_train_5100/step_011200/stage1/previews/sample_000014.png",
              "/scratch/bacobax2/bigearthnet_s2_b08_5x5_stride3_stage1_checkpoint_selection_single_runs/bigearthnet_s2_b08_5x5_stride3_sd15_lora_stage1_r8_train_5100/step_011200/stage1/previews/sample_000015.png"
            ],
            "run_identifier": "bigearthnet_s2_b08_5x5_stride3_sd15_lora_stage1_r8_train_5100",
            "source_generated_image_folder": "/scratch/bacobax2/bigearthnet_s2_b08_5x5_stride3_stage1_checkpoint_selection_single_runs/bigearthnet_s2_b08_5x5_stride3_sd15_lora_stage1_r8_train_5100/step_011200/stage1/generated_npy_images",
            "stage": "stage1",
            "tile_size": 512,
            "timestamp": "2026-06-01T02:31:20.452842+00:00"
          },
          {
            "analysis_preview_folder": "/scratch/bacobax2/bigearthnet_s2_b08_5x5_stride3_stage1_checkpoint_selection_single_runs/bigearthnet_s2_b08_5x5_stride3_sd15_lora_stage1_r8_train_5100/step_012800/stage1",
            "checkpoint_identifier": "step_012800",
            "columns": 4,
            "normalization_mode": "sentinel2_reflectance",
            "num_preview_images": 16,
            "preview_grid": "/scratch/bacobax2/bigearthnet_s2_b08_5x5_stride3_stage1_checkpoint_selection_single_runs/bigearthnet_s2_b08_5x5_stride3_sd15_lora_stage1_r8_train_5100/step_012800/stage1/preview_grid.png",
            "preview_images": [
              "/scratch/bacobax2/bigearthnet_s2_b08_5x5_stride3_stage1_checkpoint_selection_single_runs/bigearthnet_s2_b08_5x5_stride3_sd15_lora_stage1_r8_train_5100/step_012800/stage1/previews/sample_000000.png",
              "/scratch/bacobax2/bigearthnet_s2_b08_5x5_stride3_stage1_checkpoint_selection_single_runs/bigearthnet_s2_b08_5x5_stride3_sd15_lora_stage1_r8_train_5100/step_012800/stage1/previews/sample_000001.png",
              "/scratch/bacobax2/bigearthnet_s2_b08_5x5_stride3_stage1_checkpoint_selection_single_runs/bigearthnet_s2_b08_5x5_stride3_sd15_lora_stage1_r8_train_5100/step_012800/stage1/previews/sample_000002.png",
              "/scratch/bacobax2/bigearthnet_s2_b08_5x5_stride3_stage1_checkpoint_selection_single_runs/bigearthnet_s2_b08_5x5_stride3_sd15_lora_stage1_r8_train_5100/step_012800/stage1/previews/sample_000003.png",
              "/scratch/bacobax2/bigearthnet_s2_b08_5x5_stride3_stage1_checkpoint_selection_single_runs/bigearthnet_s2_b08_5x5_stride3_sd15_lora_stage1_r8_train_5100/step_012800/stage1/previews/sample_000004.png",
              "/scratch/bacobax2/bigearthnet_s2_b08_5x5_stride3_stage1_checkpoint_selection_single_runs/bigearthnet_s2_b08_5x5_stride3_sd15_lora_stage1_r8_train_5100/step_012800/stage1/previews/sample_000005.png",
              "/scratch/bacobax2/bigearthnet_s2_b08_5x5_stride3_stage1_checkpoint_selection_single_runs/bigearthnet_s2_b08_5x5_stride3_sd15_lora_stage1_r8_train_5100/step_012800/stage1/previews/sample_000006.png",
              "/scratch/bacobax2/bigearthnet_s2_b08_5x5_stride3_stage1_checkpoint_selection_single_runs/bigearthnet_s2_b08_5x5_stride3_sd15_lora_stage1_r8_train_5100/step_012800/stage1/previews/sample_000007.png",
              "/scratch/bacobax2/bigearthnet_s2_b08_5x5_stride3_stage1_checkpoint_selection_single_runs/bigearthnet_s2_b08_5x5_stride3_sd15_lora_stage1_r8_train_5100/step_012800/stage1/previews/sample_000008.png",
              "/scratch/bacobax2/bigearthnet_s2_b08_5x5_stride3_stage1_checkpoint_selection_single_runs/bigearthnet_s2_b08_5x5_stride3_sd15_lora_stage1_r8_train_5100/step_012800/stage1/previews/sample_000009.png",
              "/scratch/bacobax2/bigearthnet_s2_b08_5x5_stride3_stage1_checkpoint_selection_single_runs/bigearthnet_s2_b08_5x5_stride3_sd15_lora_stage1_r8_train_5100/step_012800/stage1/previews/sample_000010.png",
              "/scratch/bacobax2/bigearthnet_s2_b08_5x5_stride3_stage1_checkpoint_selection_single_runs/bigearthnet_s2_b08_5x5_stride3_sd15_lora_stage1_r8_train_5100/step_012800/stage1/previews/sample_000011.png",
              "/scratch/bacobax2/bigearthnet_s2_b08_5x5_stride3_stage1_checkpoint_selection_single_runs/bigearthnet_s2_b08_5x5_stride3_sd15_lora_stage1_r8_train_5100/step_012800/stage1/previews/sample_000012.png",
              "/scratch/bacobax2/bigearthnet_s2_b08_5x5_stride3_stage1_checkpoint_selection_single_runs/bigearthnet_s2_b08_5x5_stride3_sd15_lora_stage1_r8_train_5100/step_012800/stage1/previews/sample_000013.png",
              "/scratch/bacobax2/bigearthnet_s2_b08_5x5_stride3_stage1_checkpoint_selection_single_runs/bigearthnet_s2_b08_5x5_stride3_sd15_lora_stage1_r8_train_5100/step_012800/stage1/previews/sample_000014.png",
              "/scratch/bacobax2/bigearthnet_s2_b08_5x5_stride3_stage1_checkpoint_selection_single_runs/bigearthnet_s2_b08_5x5_stride3_sd15_lora_stage1_r8_train_5100/step_012800/stage1/previews/sample_000015.png"
            ],
            "run_identifier": "bigearthnet_s2_b08_5x5_stride3_sd15_lora_stage1_r8_train_5100",
            "source_generated_image_folder": "/scratch/bacobax2/bigearthnet_s2_b08_5x5_stride3_stage1_checkpoint_selection_single_runs/bigearthnet_s2_b08_5x5_stride3_sd15_lora_stage1_r8_train_5100/step_012800/stage1/generated_npy_images",
            "stage": "stage1",
            "tile_size": 512,
            "timestamp": "2026-06-01T02:31:21.217577+00:00"
          },
          {
            "analysis_preview_folder": "/scratch/bacobax2/bigearthnet_s2_b08_5x5_stride3_stage1_checkpoint_selection_single_runs/bigearthnet_s2_b08_5x5_stride3_sd15_lora_stage1_r8_train_5100/step_014400/stage1",
            "checkpoint_identifier": "step_014400",
            "columns": 4,
            "normalization_mode": "sentinel2_reflectance",
            "num_preview_images": 16,
            "preview_grid": "/scratch/bacobax2/bigearthnet_s2_b08_5x5_stride3_stage1_checkpoint_selection_single_runs/bigearthnet_s2_b08_5x5_stride3_sd15_lora_stage1_r8_train_5100/step_014400/stage1/preview_grid.png",
            "preview_images": [
              "/scratch/bacobax2/bigearthnet_s2_b08_5x5_stride3_stage1_checkpoint_selection_single_runs/bigearthnet_s2_b08_5x5_stride3_sd15_lora_stage1_r8_train_5100/step_014400/stage1/previews/sample_000000.png",
              "/scratch/bacobax2/bigearthnet_s2_b08_5x5_stride3_stage1_checkpoint_selection_single_runs/bigearthnet_s2_b08_5x5_stride3_sd15_lora_stage1_r8_train_5100/step_014400/stage1/previews/sample_000001.png",
              "/scratch/bacobax2/bigearthnet_s2_b08_5x5_stride3_stage1_checkpoint_selection_single_runs/bigearthnet_s2_b08_5x5_stride3_sd15_lora_stage1_r8_train_5100/step_014400/stage1/previews/sample_000002.png",
              "/scratch/bacobax2/bigearthnet_s2_b08_5x5_stride3_stage1_checkpoint_selection_single_runs/bigearthnet_s2_b08_5x5_stride3_sd15_lora_stage1_r8_train_5100/step_014400/stage1/previews/sample_000003.png",
              "/scratch/bacobax2/bigearthnet_s2_b08_5x5_stride3_stage1_checkpoint_selection_single_runs/bigearthnet_s2_b08_5x5_stride3_sd15_lora_stage1_r8_train_5100/step_014400/stage1/previews/sample_000004.png",
              "/scratch/bacobax2/bigearthnet_s2_b08_5x5_stride3_stage1_checkpoint_selection_single_runs/bigearthnet_s2_b08_5x5_stride3_sd15_lora_stage1_r8_train_5100/step_014400/stage1/previews/sample_000005.png",
              "/scratch/bacobax2/bigearthnet_s2_b08_5x5_stride3_stage1_checkpoint_selection_single_runs/bigearthnet_s2_b08_5x5_stride3_sd15_lora_stage1_r8_train_5100/step_014400/stage1/previews/sample_000006.png",
              "/scratch/bacobax2/bigearthnet_s2_b08_5x5_stride3_stage1_checkpoint_selection_single_runs/bigearthnet_s2_b08_5x5_stride3_sd15_lora_stage1_r8_train_5100/step_014400/stage1/previews/sample_000007.png",
              "/scratch/bacobax2/bigearthnet_s2_b08_5x5_stride3_stage1_checkpoint_selection_single_runs/bigearthnet_s2_b08_5x5_stride3_sd15_lora_stage1_r8_train_5100/step_014400/stage1/previews/sample_000008.png",
              "/scratch/bacobax2/bigearthnet_s2_b08_5x5_stride3_stage1_checkpoint_selection_single_runs/bigearthnet_s2_b08_5x5_stride3_sd15_lora_stage1_r8_train_5100/step_014400/stage1/previews/sample_000009.png",
              "/scratch/bacobax2/bigearthnet_s2_b08_5x5_stride3_stage1_checkpoint_selection_single_runs/bigearthnet_s2_b08_5x5_stride3_sd15_lora_stage1_r8_train_5100/step_014400/stage1/previews/sample_000010.png",
              "/scratch/bacobax2/bigearthnet_s2_b08_5x5_stride3_stage1_checkpoint_selection_single_runs/bigearthnet_s2_b08_5x5_stride3_sd15_lora_stage1_r8_train_5100/step_014400/stage1/previews/sample_000011.png",
              "/scratch/bacobax2/bigearthnet_s2_b08_5x5_stride3_stage1_checkpoint_selection_single_runs/bigearthnet_s2_b08_5x5_stride3_sd15_lora_stage1_r8_train_5100/step_014400/stage1/previews/sample_000012.png",
              "/scratch/bacobax2/bigearthnet_s2_b08_5x5_stride3_stage1_checkpoint_selection_single_runs/bigearthnet_s2_b08_5x5_stride3_sd15_lora_stage1_r8_train_5100/step_014400/stage1/previews/sample_000013.png",
              "/scratch/bacobax2/bigearthnet_s2_b08_5x5_stride3_stage1_checkpoint_selection_single_runs/bigearthnet_s2_b08_5x5_stride3_sd15_lora_stage1_r8_train_5100/step_014400/stage1/previews/sample_000014.png",
              "/scratch/bacobax2/bigearthnet_s2_b08_5x5_stride3_stage1_checkpoint_selection_single_runs/bigearthnet_s2_b08_5x5_stride3_sd15_lora_stage1_r8_train_5100/step_014400/stage1/previews/sample_000015.png"
            ],
            "run_identifier": "bigearthnet_s2_b08_5x5_stride3_sd15_lora_stage1_r8_train_5100",
            "source_generated_image_folder": "/scratch/bacobax2/bigearthnet_s2_b08_5x5_stride3_stage1_checkpoint_selection_single_runs/bigearthnet_s2_b08_5x5_stride3_sd15_lora_stage1_r8_train_5100/step_014400/stage1/generated_npy_images",
            "stage": "stage1",
            "tile_size": 512,
            "timestamp": "2026-06-01T02:31:22.001824+00:00"
          },
          {
            "analysis_preview_folder": "/scratch/bacobax2/bigearthnet_s2_b08_5x5_stride3_stage1_checkpoint_selection_single_runs/bigearthnet_s2_b08_5x5_stride3_sd15_lora_stage1_r8_train_5100/step_001600/stage1",
            "checkpoint_identifier": "step_001600",
            "columns": 4,
            "normalization_mode": "sentinel2_reflectance",
            "num_preview_images": 16,
            "preview_grid": "/scratch/bacobax2/bigearthnet_s2_b08_5x5_stride3_stage1_checkpoint_selection_single_runs/bigearthnet_s2_b08_5x5_stride3_sd15_lora_stage1_r8_train_5100/step_001600/stage1/preview_grid.png",
            "preview_images": [
              "/scratch/bacobax2/bigearthnet_s2_b08_5x5_stride3_stage1_checkpoint_selection_single_runs/bigearthnet_s2_b08_5x5_stride3_sd15_lora_stage1_r8_train_5100/step_001600/stage1/previews/sample_000000.png",
              "/scratch/bacobax2/bigearthnet_s2_b08_5x5_stride3_stage1_checkpoint_selection_single_runs/bigearthnet_s2_b08_5x5_stride3_sd15_lora_stage1_r8_train_5100/step_001600/stage1/previews/sample_000001.png",
              "/scratch/bacobax2/bigearthnet_s2_b08_5x5_stride3_stage1_checkpoint_selection_single_runs/bigearthnet_s2_b08_5x5_stride3_sd15_lora_stage1_r8_train_5100/step_001600/stage1/previews/sample_000002.png",
              "/scratch/bacobax2/bigearthnet_s2_b08_5x5_stride3_stage1_checkpoint_selection_single_runs/bigearthnet_s2_b08_5x5_stride3_sd15_lora_stage1_r8_train_5100/step_001600/stage1/previews/sample_000003.png",
              "/scratch/bacobax2/bigearthnet_s2_b08_5x5_stride3_stage1_checkpoint_selection_single_runs/bigearthnet_s2_b08_5x5_stride3_sd15_lora_stage1_r8_train_5100/step_001600/stage1/previews/sample_000004.png",
              "/scratch/bacobax2/bigearthnet_s2_b08_5x5_stride3_stage1_checkpoint_selection_single_runs/bigearthnet_s2_b08_5x5_stride3_sd15_lora_stage1_r8_train_5100/step_001600/stage1/previews/sample_000005.png",
              "/scratch/bacobax2/bigearthnet_s2_b08_5x5_stride3_stage1_checkpoint_selection_single_runs/bigearthnet_s2_b08_5x5_stride3_sd15_lora_stage1_r8_train_5100/step_001600/stage1/previews/sample_000006.png",
              "/scratch/bacobax2/bigearthnet_s2_b08_5x5_stride3_stage1_checkpoint_selection_single_runs/bigearthnet_s2_b08_5x5_stride3_sd15_lora_stage1_r8_train_5100/step_001600/stage1/previews/sample_000007.png",
              "/scratch/bacobax2/bigearthnet_s2_b08_5x5_stride3_stage1_checkpoint_selection_single_runs/bigearthnet_s2_b08_5x5_stride3_sd15_lora_stage1_r8_train_5100/step_001600/stage1/previews/sample_000008.png",
              "/scratch/bacobax2/bigearthnet_s2_b08_5x5_stride3_stage1_checkpoint_selection_single_runs/bigearthnet_s2_b08_5x5_stride3_sd15_lora_stage1_r8_train_5100/step_001600/stage1/previews/sample_000009.png",
              "/scratch/bacobax2/bigearthnet_s2_b08_5x5_stride3_stage1_checkpoint_selection_single_runs/bigearthnet_s2_b08_5x5_stride3_sd15_lora_stage1_r8_train_5100/step_001600/stage1/previews/sample_000010.png",
              "/scratch/bacobax2/bigearthnet_s2_b08_5x5_stride3_stage1_checkpoint_selection_single_runs/bigearthnet_s2_b08_5x5_stride3_sd15_lora_stage1_r8_train_5100/step_001600/stage1/previews/sample_000011.png",
              "/scratch/bacobax2/bigearthnet_s2_b08_5x5_stride3_stage1_checkpoint_selection_single_runs/bigearthnet_s2_b08_5x5_stride3_sd15_lora_stage1_r8_train_5100/step_001600/stage1/previews/sample_000012.png",
              "/scratch/bacobax2/bigearthnet_s2_b08_5x5_stride3_stage1_checkpoint_selection_single_runs/bigearthnet_s2_b08_5x5_stride3_sd15_lora_stage1_r8_train_5100/step_001600/stage1/previews/sample_000013.png",
              "/scratch/bacobax2/bigearthnet_s2_b08_5x5_stride3_stage1_checkpoint_selection_single_runs/bigearthnet_s2_b08_5x5_stride3_sd15_lora_stage1_r8_train_5100/step_001600/stage1/previews/sample_000014.png",
              "/scratch/bacobax2/bigearthnet_s2_b08_5x5_stride3_stage1_checkpoint_selection_single_runs/bigearthnet_s2_b08_5x5_stride3_sd15_lora_stage1_r8_train_5100/step_001600/stage1/previews/sample_000015.png"
            ],
            "run_identifier": "bigearthnet_s2_b08_5x5_stride3_sd15_lora_stage1_r8_train_5100",
            "source_generated_image_folder": "/scratch/bacobax2/bigearthnet_s2_b08_5x5_stride3_stage1_checkpoint_selection_single_runs/bigearthnet_s2_b08_5x5_stride3_sd15_lora_stage1_r8_train_5100/step_001600/stage1/generated_npy_images",
            "stage": "stage1",
            "tile_size": 512,
            "timestamp": "2026-06-01T02:31:22.725621+00:00"
          },
          {
            "analysis_preview_folder": "/scratch/bacobax2/bigearthnet_s2_b08_5x5_stride3_stage1_checkpoint_selection_single_runs/bigearthnet_s2_b08_5x5_stride3_sd15_lora_stage1_r8_train_5100/step_016000/stage1",
            "checkpoint_identifier": "step_016000",
            "columns": 4,
            "normalization_mode": "sentinel2_reflectance",
            "num_preview_images": 16,
            "preview_grid": "/scratch/bacobax2/bigearthnet_s2_b08_5x5_stride3_stage1_checkpoint_selection_single_runs/bigearthnet_s2_b08_5x5_stride3_sd15_lora_stage1_r8_train_5100/step_016000/stage1/preview_grid.png",
            "preview_images": [
              "/scratch/bacobax2/bigearthnet_s2_b08_5x5_stride3_stage1_checkpoint_selection_single_runs/bigearthnet_s2_b08_5x5_stride3_sd15_lora_stage1_r8_train_5100/step_016000/stage1/previews/sample_000000.png",
              "/scratch/bacobax2/bigearthnet_s2_b08_5x5_stride3_stage1_checkpoint_selection_single_runs/bigearthnet_s2_b08_5x5_stride3_sd15_lora_stage1_r8_train_5100/step_016000/stage1/previews/sample_000001.png",
              "/scratch/bacobax2/bigearthnet_s2_b08_5x5_stride3_stage1_checkpoint_selection_single_runs/bigearthnet_s2_b08_5x5_stride3_sd15_lora_stage1_r8_train_5100/step_016000/stage1/previews/sample_000002.png",
              "/scratch/bacobax2/bigearthnet_s2_b08_5x5_stride3_stage1_checkpoint_selection_single_runs/bigearthnet_s2_b08_5x5_stride3_sd15_lora_stage1_r8_train_5100/step_016000/stage1/previews/sample_000003.png",
              "/scratch/bacobax2/bigearthnet_s2_b08_5x5_stride3_stage1_checkpoint_selection_single_runs/bigearthnet_s2_b08_5x5_stride3_sd15_lora_stage1_r8_train_5100/step_016000/stage1/previews/sample_000004.png",
              "/scratch/bacobax2/bigearthnet_s2_b08_5x5_stride3_stage1_checkpoint_selection_single_runs/bigearthnet_s2_b08_5x5_stride3_sd15_lora_stage1_r8_train_5100/step_016000/stage1/previews/sample_000005.png",
              "/scratch/bacobax2/bigearthnet_s2_b08_5x5_stride3_stage1_checkpoint_selection_single_runs/bigearthnet_s2_b08_5x5_stride3_sd15_lora_stage1_r8_train_5100/step_016000/stage1/previews/sample_000006.png",
              "/scratch/bacobax2/bigearthnet_s2_b08_5x5_stride3_stage1_checkpoint_selection_single_runs/bigearthnet_s2_b08_5x5_stride3_sd15_lora_stage1_r8_train_5100/step_016000/stage1/previews/sample_000007.png",
              "/scratch/bacobax2/bigearthnet_s2_b08_5x5_stride3_stage1_checkpoint_selection_single_runs/bigearthnet_s2_b08_5x5_stride3_sd15_lora_stage1_r8_train_5100/step_016000/stage1/previews/sample_000008.png",
              "/scratch/bacobax2/bigearthnet_s2_b08_5x5_stride3_stage1_checkpoint_selection_single_runs/bigearthnet_s2_b08_5x5_stride3_sd15_lora_stage1_r8_train_5100/step_016000/stage1/previews/sample_000009.png",
              "/scratch/bacobax2/bigearthnet_s2_b08_5x5_stride3_stage1_checkpoint_selection_single_runs/bigearthnet_s2_b08_5x5_stride3_sd15_lora_stage1_r8_train_5100/step_016000/stage1/previews/sample_000010.png",
              "/scratch/bacobax2/bigearthnet_s2_b08_5x5_stride3_stage1_checkpoint_selection_single_runs/bigearthnet_s2_b08_5x5_stride3_sd15_lora_stage1_r8_train_5100/step_016000/stage1/previews/sample_000011.png",
              "/scratch/bacobax2/bigearthnet_s2_b08_5x5_stride3_stage1_checkpoint_selection_single_runs/bigearthnet_s2_b08_5x5_stride3_sd15_lora_stage1_r8_train_5100/step_016000/stage1/previews/sample_000012.png",
              "/scratch/bacobax2/bigearthnet_s2_b08_5x5_stride3_stage1_checkpoint_selection_single_runs/bigearthnet_s2_b08_5x5_stride3_sd15_lora_stage1_r8_train_5100/step_016000/stage1/previews/sample_000013.png",
              "/scratch/bacobax2/bigearthnet_s2_b08_5x5_stride3_stage1_checkpoint_selection_single_runs/bigearthnet_s2_b08_5x5_stride3_sd15_lora_stage1_r8_train_5100/step_016000/stage1/previews/sample_000014.png",
              "/scratch/bacobax2/bigearthnet_s2_b08_5x5_stride3_stage1_checkpoint_selection_single_runs/bigearthnet_s2_b08_5x5_stride3_sd15_lora_stage1_r8_train_5100/step_016000/stage1/previews/sample_000015.png"
            ],
            "run_identifier": "bigearthnet_s2_b08_5x5_stride3_sd15_lora_stage1_r8_train_5100",
            "source_generated_image_folder": "/scratch/bacobax2/bigearthnet_s2_b08_5x5_stride3_stage1_checkpoint_selection_single_runs/bigearthnet_s2_b08_5x5_stride3_sd15_lora_stage1_r8_train_5100/step_016000/stage1/generated_npy_images",
            "stage": "stage1",
            "tile_size": 512,
            "timestamp": "2026-06-01T02:31:23.518215+00:00"
          },
          {
            "analysis_preview_folder": "/scratch/bacobax2/bigearthnet_s2_b08_5x5_stride3_stage1_checkpoint_selection_single_runs/bigearthnet_s2_b08_5x5_stride3_sd15_lora_stage1_r8_train_5100/step_003200/stage1",
            "checkpoint_identifier": "step_003200",
            "columns": 4,
            "normalization_mode": "sentinel2_reflectance",
            "num_preview_images": 16,
            "preview_grid": "/scratch/bacobax2/bigearthnet_s2_b08_5x5_stride3_stage1_checkpoint_selection_single_runs/bigearthnet_s2_b08_5x5_stride3_sd15_lora_stage1_r8_train_5100/step_003200/stage1/preview_grid.png",
            "preview_images": [
              "/scratch/bacobax2/bigearthnet_s2_b08_5x5_stride3_stage1_checkpoint_selection_single_runs/bigearthnet_s2_b08_5x5_stride3_sd15_lora_stage1_r8_train_5100/step_003200/stage1/previews/sample_000000.png",
              "/scratch/bacobax2/bigearthnet_s2_b08_5x5_stride3_stage1_checkpoint_selection_single_runs/bigearthnet_s2_b08_5x5_stride3_sd15_lora_stage1_r8_train_5100/step_003200/stage1/previews/sample_000001.png",
              "/scratch/bacobax2/bigearthnet_s2_b08_5x5_stride3_stage1_checkpoint_selection_single_runs/bigearthnet_s2_b08_5x5_stride3_sd15_lora_stage1_r8_train_5100/step_003200/stage1/previews/sample_000002.png",
              "/scratch/bacobax2/bigearthnet_s2_b08_5x5_stride3_stage1_checkpoint_selection_single_runs/bigearthnet_s2_b08_5x5_stride3_sd15_lora_stage1_r8_train_5100/step_003200/stage1/previews/sample_000003.png",
              "/scratch/bacobax2/bigearthnet_s2_b08_5x5_stride3_stage1_checkpoint_selection_single_runs/bigearthnet_s2_b08_5x5_stride3_sd15_lora_stage1_r8_train_5100/step_003200/stage1/previews/sample_000004.png",
              "/scratch/bacobax2/bigearthnet_s2_b08_5x5_stride3_stage1_checkpoint_selection_single_runs/bigearthnet_s2_b08_5x5_stride3_sd15_lora_stage1_r8_train_5100/step_003200/stage1/previews/sample_000005.png",
              "/scratch/bacobax2/bigearthnet_s2_b08_5x5_stride3_stage1_checkpoint_selection_single_runs/bigearthnet_s2_b08_5x5_stride3_sd15_lora_stage1_r8_train_5100/step_003200/stage1/previews/sample_000006.png",
              "/scratch/bacobax2/bigearthnet_s2_b08_5x5_stride3_stage1_checkpoint_selection_single_runs/bigearthnet_s2_b08_5x5_stride3_sd15_lora_stage1_r8_train_5100/step_003200/stage1/previews/sample_000007.png",
              "/scratch/bacobax2/bigearthnet_s2_b08_5x5_stride3_stage1_checkpoint_selection_single_runs/bigearthnet_s2_b08_5x5_stride3_sd15_lora_stage1_r8_train_5100/step_003200/stage1/previews/sample_000008.png",
              "/scratch/bacobax2/bigearthnet_s2_b08_5x5_stride3_stage1_checkpoint_selection_single_runs/bigearthnet_s2_b08_5x5_stride3_sd15_lora_stage1_r8_train_5100/step_003200/stage1/previews/sample_000009.png",
              "/scratch/bacobax2/bigearthnet_s2_b08_5x5_stride3_stage1_checkpoint_selection_single_runs/bigearthnet_s2_b08_5x5_stride3_sd15_lora_stage1_r8_train_5100/step_003200/stage1/previews/sample_000010.png",
              "/scratch/bacobax2/bigearthnet_s2_b08_5x5_stride3_stage1_checkpoint_selection_single_runs/bigearthnet_s2_b08_5x5_stride3_sd15_lora_stage1_r8_train_5100/step_003200/stage1/previews/sample_000011.png",
              "/scratch/bacobax2/bigearthnet_s2_b08_5x5_stride3_stage1_checkpoint_selection_single_runs/bigearthnet_s2_b08_5x5_stride3_sd15_lora_stage1_r8_train_5100/step_003200/stage1/previews/sample_000012.png",
              "/scratch/bacobax2/bigearthnet_s2_b08_5x5_stride3_stage1_checkpoint_selection_single_runs/bigearthnet_s2_b08_5x5_stride3_sd15_lora_stage1_r8_train_5100/step_003200/stage1/previews/sample_000013.png",
              "/scratch/bacobax2/bigearthnet_s2_b08_5x5_stride3_stage1_checkpoint_selection_single_runs/bigearthnet_s2_b08_5x5_stride3_sd15_lora_stage1_r8_train_5100/step_003200/stage1/previews/sample_000014.png",
              "/scratch/bacobax2/bigearthnet_s2_b08_5x5_stride3_stage1_checkpoint_selection_single_runs/bigearthnet_s2_b08_5x5_stride3_sd15_lora_stage1_r8_train_5100/step_003200/stage1/previews/sample_000015.png"
            ],
            "run_identifier": "bigearthnet_s2_b08_5x5_stride3_sd15_lora_stage1_r8_train_5100",
            "source_generated_image_folder": "/scratch/bacobax2/bigearthnet_s2_b08_5x5_stride3_stage1_checkpoint_selection_single_runs/bigearthnet_s2_b08_5x5_stride3_sd15_lora_stage1_r8_train_5100/step_003200/stage1/generated_npy_images",
            "stage": "stage1",
            "tile_size": 512,
            "timestamp": "2026-06-01T02:31:24.290720+00:00"
          },
          {
            "analysis_preview_folder": "/scratch/bacobax2/bigearthnet_s2_b08_5x5_stride3_stage1_checkpoint_selection_single_runs/bigearthnet_s2_b08_5x5_stride3_sd15_lora_stage1_r8_train_5100/step_004800/stage1",
            "checkpoint_identifier": "step_004800",
            "columns": 4,
            "normalization_mode": "sentinel2_reflectance",
            "num_preview_images": 16,
            "preview_grid": "/scratch/bacobax2/bigearthnet_s2_b08_5x5_stride3_stage1_checkpoint_selection_single_runs/bigearthnet_s2_b08_5x5_stride3_sd15_lora_stage1_r8_train_5100/step_004800/stage1/preview_grid.png",
            "preview_images": [
              "/scratch/bacobax2/bigearthnet_s2_b08_5x5_stride3_stage1_checkpoint_selection_single_runs/bigearthnet_s2_b08_5x5_stride3_sd15_lora_stage1_r8_train_5100/step_004800/stage1/previews/sample_000000.png",
              "/scratch/bacobax2/bigearthnet_s2_b08_5x5_stride3_stage1_checkpoint_selection_single_runs/bigearthnet_s2_b08_5x5_stride3_sd15_lora_stage1_r8_train_5100/step_004800/stage1/previews/sample_000001.png",
              "/scratch/bacobax2/bigearthnet_s2_b08_5x5_stride3_stage1_checkpoint_selection_single_runs/bigearthnet_s2_b08_5x5_stride3_sd15_lora_stage1_r8_train_5100/step_004800/stage1/previews/sample_000002.png",
              "/scratch/bacobax2/bigearthnet_s2_b08_5x5_stride3_stage1_checkpoint_selection_single_runs/bigearthnet_s2_b08_5x5_stride3_sd15_lora_stage1_r8_train_5100/step_004800/stage1/previews/sample_000003.png",
              "/scratch/bacobax2/bigearthnet_s2_b08_5x5_stride3_stage1_checkpoint_selection_single_runs/bigearthnet_s2_b08_5x5_stride3_sd15_lora_stage1_r8_train_5100/step_004800/stage1/previews/sample_000004.png",
              "/scratch/bacobax2/bigearthnet_s2_b08_5x5_stride3_stage1_checkpoint_selection_single_runs/bigearthnet_s2_b08_5x5_stride3_sd15_lora_stage1_r8_train_5100/step_004800/stage1/previews/sample_000005.png",
              "/scratch/bacobax2/bigearthnet_s2_b08_5x5_stride3_stage1_checkpoint_selection_single_runs/bigearthnet_s2_b08_5x5_stride3_sd15_lora_stage1_r8_train_5100/step_004800/stage1/previews/sample_000006.png",
              "/scratch/bacobax2/bigearthnet_s2_b08_5x5_stride3_stage1_checkpoint_selection_single_runs/bigearthnet_s2_b08_5x5_stride3_sd15_lora_stage1_r8_train_5100/step_004800/stage1/previews/sample_000007.png",
              "/scratch/bacobax2/bigearthnet_s2_b08_5x5_stride3_stage1_checkpoint_selection_single_runs/bigearthnet_s2_b08_5x5_stride3_sd15_lora_stage1_r8_train_5100/step_004800/stage1/previews/sample_000008.png",
              "/scratch/bacobax2/bigearthnet_s2_b08_5x5_stride3_stage1_checkpoint_selection_single_runs/bigearthnet_s2_b08_5x5_stride3_sd15_lora_stage1_r8_train_5100/step_004800/stage1/previews/sample_000009.png",
              "/scratch/bacobax2/bigearthnet_s2_b08_5x5_stride3_stage1_checkpoint_selection_single_runs/bigearthnet_s2_b08_5x5_stride3_sd15_lora_stage1_r8_train_5100/step_004800/stage1/previews/sample_000010.png",
              "/scratch/bacobax2/bigearthnet_s2_b08_5x5_stride3_stage1_checkpoint_selection_single_runs/bigearthnet_s2_b08_5x5_stride3_sd15_lora_stage1_r8_train_5100/step_004800/stage1/previews/sample_000011.png",
              "/scratch/bacobax2/bigearthnet_s2_b08_5x5_stride3_stage1_checkpoint_selection_single_runs/bigearthnet_s2_b08_5x5_stride3_sd15_lora_stage1_r8_train_5100/step_004800/stage1/previews/sample_000012.png",
              "/scratch/bacobax2/bigearthnet_s2_b08_5x5_stride3_stage1_checkpoint_selection_single_runs/bigearthnet_s2_b08_5x5_stride3_sd15_lora_stage1_r8_train_5100/step_004800/stage1/previews/sample_000013.png",
              "/scratch/bacobax2/bigearthnet_s2_b08_5x5_stride3_stage1_checkpoint_selection_single_runs/bigearthnet_s2_b08_5x5_stride3_sd15_lora_stage1_r8_train_5100/step_004800/stage1/previews/sample_000014.png",
              "/scratch/bacobax2/bigearthnet_s2_b08_5x5_stride3_stage1_checkpoint_selection_single_runs/bigearthnet_s2_b08_5x5_stride3_sd15_lora_stage1_r8_train_5100/step_004800/stage1/previews/sample_000015.png"
            ],
            "run_identifier": "bigearthnet_s2_b08_5x5_stride3_sd15_lora_stage1_r8_train_5100",
            "source_generated_image_folder": "/scratch/bacobax2/bigearthnet_s2_b08_5x5_stride3_stage1_checkpoint_selection_single_runs/bigearthnet_s2_b08_5x5_stride3_sd15_lora_stage1_r8_train_5100/step_004800/stage1/generated_npy_images",
            "stage": "stage1",
            "tile_size": 512,
            "timestamp": "2026-06-01T02:31:25.014017+00:00"
          },
          {
            "analysis_preview_folder": "/scratch/bacobax2/bigearthnet_s2_b08_5x5_stride3_stage1_checkpoint_selection_single_runs/bigearthnet_s2_b08_5x5_stride3_sd15_lora_stage1_r8_train_5100/step_006400/stage1",
            "checkpoint_identifier": "step_006400",
            "columns": 4,
            "normalization_mode": "sentinel2_reflectance",
            "num_preview_images": 16,
            "preview_grid": "/scratch/bacobax2/bigearthnet_s2_b08_5x5_stride3_stage1_checkpoint_selection_single_runs/bigearthnet_s2_b08_5x5_stride3_sd15_lora_stage1_r8_train_5100/step_006400/stage1/preview_grid.png",
            "preview_images": [
              "/scratch/bacobax2/bigearthnet_s2_b08_5x5_stride3_stage1_checkpoint_selection_single_runs/bigearthnet_s2_b08_5x5_stride3_sd15_lora_stage1_r8_train_5100/step_006400/stage1/previews/sample_000000.png",
              "/scratch/bacobax2/bigearthnet_s2_b08_5x5_stride3_stage1_checkpoint_selection_single_runs/bigearthnet_s2_b08_5x5_stride3_sd15_lora_stage1_r8_train_5100/step_006400/stage1/previews/sample_000001.png",
              "/scratch/bacobax2/bigearthnet_s2_b08_5x5_stride3_stage1_checkpoint_selection_single_runs/bigearthnet_s2_b08_5x5_stride3_sd15_lora_stage1_r8_train_5100/step_006400/stage1/previews/sample_000002.png",
              "/scratch/bacobax2/bigearthnet_s2_b08_5x5_stride3_stage1_checkpoint_selection_single_runs/bigearthnet_s2_b08_5x5_stride3_sd15_lora_stage1_r8_train_5100/step_006400/stage1/previews/sample_000003.png",
              "/scratch/bacobax2/bigearthnet_s2_b08_5x5_stride3_stage1_checkpoint_selection_single_runs/bigearthnet_s2_b08_5x5_stride3_sd15_lora_stage1_r8_train_5100/step_006400/stage1/previews/sample_000004.png",
              "/scratch/bacobax2/bigearthnet_s2_b08_5x5_stride3_stage1_checkpoint_selection_single_runs/bigearthnet_s2_b08_5x5_stride3_sd15_lora_stage1_r8_train_5100/step_006400/stage1/previews/sample_000005.png",
              "/scratch/bacobax2/bigearthnet_s2_b08_5x5_stride3_stage1_checkpoint_selection_single_runs/bigearthnet_s2_b08_5x5_stride3_sd15_lora_stage1_r8_train_5100/step_006400/stage1/previews/sample_000006.png",
              "/scratch/bacobax2/bigearthnet_s2_b08_5x5_stride3_stage1_checkpoint_selection_single_runs/bigearthnet_s2_b08_5x5_stride3_sd15_lora_stage1_r8_train_5100/step_006400/stage1/previews/sample_000007.png",
              "/scratch/bacobax2/bigearthnet_s2_b08_5x5_stride3_stage1_checkpoint_selection_single_runs/bigearthnet_s2_b08_5x5_stride3_sd15_lora_stage1_r8_train_5100/step_006400/stage1/previews/sample_000008.png",
              "/scratch/bacobax2/bigearthnet_s2_b08_5x5_stride3_stage1_checkpoint_selection_single_runs/bigearthnet_s2_b08_5x5_stride3_sd15_lora_stage1_r8_train_5100/step_006400/stage1/previews/sample_000009.png",
              "/scratch/bacobax2/bigearthnet_s2_b08_5x5_stride3_stage1_checkpoint_selection_single_runs/bigearthnet_s2_b08_5x5_stride3_sd15_lora_stage1_r8_train_5100/step_006400/stage1/previews/sample_000010.png",
              "/scratch/bacobax2/bigearthnet_s2_b08_5x5_stride3_stage1_checkpoint_selection_single_runs/bigearthnet_s2_b08_5x5_stride3_sd15_lora_stage1_r8_train_5100/step_006400/stage1/previews/sample_000011.png",
              "/scratch/bacobax2/bigearthnet_s2_b08_5x5_stride3_stage1_checkpoint_selection_single_runs/bigearthnet_s2_b08_5x5_stride3_sd15_lora_stage1_r8_train_5100/step_006400/stage1/previews/sample_000012.png",
              "/scratch/bacobax2/bigearthnet_s2_b08_5x5_stride3_stage1_checkpoint_selection_single_runs/bigearthnet_s2_b08_5x5_stride3_sd15_lora_stage1_r8_train_5100/step_006400/stage1/previews/sample_000013.png",
              "/scratch/bacobax2/bigearthnet_s2_b08_5x5_stride3_stage1_checkpoint_selection_single_runs/bigearthnet_s2_b08_5x5_stride3_sd15_lora_stage1_r8_train_5100/step_006400/stage1/previews/sample_000014.png",
              "/scratch/bacobax2/bigearthnet_s2_b08_5x5_stride3_stage1_checkpoint_selection_single_runs/bigearthnet_s2_b08_5x5_stride3_sd15_lora_stage1_r8_train_5100/step_006400/stage1/previews/sample_000015.png"
            ],
            "run_identifier": "bigearthnet_s2_b08_5x5_stride3_sd15_lora_stage1_r8_train_5100",
            "source_generated_image_folder": "/scratch/bacobax2/bigearthnet_s2_b08_5x5_stride3_stage1_checkpoint_selection_single_runs/bigearthnet_s2_b08_5x5_stride3_sd15_lora_stage1_r8_train_5100/step_006400/stage1/generated_npy_images",
            "stage": "stage1",
            "tile_size": 512,
            "timestamp": "2026-06-01T02:31:25.835366+00:00"
          },
          {
            "analysis_preview_folder": "/scratch/bacobax2/bigearthnet_s2_b08_5x5_stride3_stage1_checkpoint_selection_single_runs/bigearthnet_s2_b08_5x5_stride3_sd15_lora_stage1_r8_train_5100/step_008000/stage1",
            "checkpoint_identifier": "step_008000",
            "columns": 4,
            "normalization_mode": "sentinel2_reflectance",
            "num_preview_images": 16,
            "preview_grid": "/scratch/bacobax2/bigearthnet_s2_b08_5x5_stride3_stage1_checkpoint_selection_single_runs/bigearthnet_s2_b08_5x5_stride3_sd15_lora_stage1_r8_train_5100/step_008000/stage1/preview_grid.png",
            "preview_images": [
              "/scratch/bacobax2/bigearthnet_s2_b08_5x5_stride3_stage1_checkpoint_selection_single_runs/bigearthnet_s2_b08_5x5_stride3_sd15_lora_stage1_r8_train_5100/step_008000/stage1/previews/sample_000000.png",
              "/scratch/bacobax2/bigearthnet_s2_b08_5x5_stride3_stage1_checkpoint_selection_single_runs/bigearthnet_s2_b08_5x5_stride3_sd15_lora_stage1_r8_train_5100/step_008000/stage1/previews/sample_000001.png",
              "/scratch/bacobax2/bigearthnet_s2_b08_5x5_stride3_stage1_checkpoint_selection_single_runs/bigearthnet_s2_b08_5x5_stride3_sd15_lora_stage1_r8_train_5100/step_008000/stage1/previews/sample_000002.png",
              "/scratch/bacobax2/bigearthnet_s2_b08_5x5_stride3_stage1_checkpoint_selection_single_runs/bigearthnet_s2_b08_5x5_stride3_sd15_lora_stage1_r8_train_5100/step_008000/stage1/previews/sample_000003.png",
              "/scratch/bacobax2/bigearthnet_s2_b08_5x5_stride3_stage1_checkpoint_selection_single_runs/bigearthnet_s2_b08_5x5_stride3_sd15_lora_stage1_r8_train_5100/step_008000/stage1/previews/sample_000004.png",
              "/scratch/bacobax2/bigearthnet_s2_b08_5x5_stride3_stage1_checkpoint_selection_single_runs/bigearthnet_s2_b08_5x5_stride3_sd15_lora_stage1_r8_train_5100/step_008000/stage1/previews/sample_000005.png",
              "/scratch/bacobax2/bigearthnet_s2_b08_5x5_stride3_stage1_checkpoint_selection_single_runs/bigearthnet_s2_b08_5x5_stride3_sd15_lora_stage1_r8_train_5100/step_008000/stage1/previews/sample_000006.png",
              "/scratch/bacobax2/bigearthnet_s2_b08_5x5_stride3_stage1_checkpoint_selection_single_runs/bigearthnet_s2_b08_5x5_stride3_sd15_lora_stage1_r8_train_5100/step_008000/stage1/previews/sample_000007.png",
              "/scratch/bacobax2/bigearthnet_s2_b08_5x5_stride3_stage1_checkpoint_selection_single_runs/bigearthnet_s2_b08_5x5_stride3_sd15_lora_stage1_r8_train_5100/step_008000/stage1/previews/sample_000008.png",
              "/scratch/bacobax2/bigearthnet_s2_b08_5x5_stride3_stage1_checkpoint_selection_single_runs/bigearthnet_s2_b08_5x5_stride3_sd15_lora_stage1_r8_train_5100/step_008000/stage1/previews/sample_000009.png",
              "/scratch/bacobax2/bigearthnet_s2_b08_5x5_stride3_stage1_checkpoint_selection_single_runs/bigearthnet_s2_b08_5x5_stride3_sd15_lora_stage1_r8_train_5100/step_008000/stage1/previews/sample_000010.png",
              "/scratch/bacobax2/bigearthnet_s2_b08_5x5_stride3_stage1_checkpoint_selection_single_runs/bigearthnet_s2_b08_5x5_stride3_sd15_lora_stage1_r8_train_5100/step_008000/stage1/previews/sample_000011.png",
              "/scratch/bacobax2/bigearthnet_s2_b08_5x5_stride3_stage1_checkpoint_selection_single_runs/bigearthnet_s2_b08_5x5_stride3_sd15_lora_stage1_r8_train_5100/step_008000/stage1/previews/sample_000012.png",
              "/scratch/bacobax2/bigearthnet_s2_b08_5x5_stride3_stage1_checkpoint_selection_single_runs/bigearthnet_s2_b08_5x5_stride3_sd15_lora_stage1_r8_train_5100/step_008000/stage1/previews/sample_000013.png",
              "/scratch/bacobax2/bigearthnet_s2_b08_5x5_stride3_stage1_checkpoint_selection_single_runs/bigearthnet_s2_b08_5x5_stride3_sd15_lora_stage1_r8_train_5100/step_008000/stage1/previews/sample_000014.png",
              "/scratch/bacobax2/bigearthnet_s2_b08_5x5_stride3_stage1_checkpoint_selection_single_runs/bigearthnet_s2_b08_5x5_stride3_sd15_lora_stage1_r8_train_5100/step_008000/stage1/previews/sample_000015.png"
            ],
            "run_identifier": "bigearthnet_s2_b08_5x5_stride3_sd15_lora_stage1_r8_train_5100",
            "source_generated_image_folder": "/scratch/bacobax2/bigearthnet_s2_b08_5x5_stride3_stage1_checkpoint_selection_single_runs/bigearthnet_s2_b08_5x5_stride3_sd15_lora_stage1_r8_train_5100/step_008000/stage1/generated_npy_images",
            "stage": "stage1",
            "tile_size": 512,
            "timestamp": "2026-06-01T02:31:26.577322+00:00"
          },
          {
            "analysis_preview_folder": "/scratch/bacobax2/bigearthnet_s2_b08_5x5_stride3_stage1_checkpoint_selection_single_runs/bigearthnet_s2_b08_5x5_stride3_sd15_lora_stage1_r8_train_5100/step_009600/stage1",
            "checkpoint_identifier": "step_009600",
            "columns": 4,
            "normalization_mode": "sentinel2_reflectance",
            "num_preview_images": 16,
            "preview_grid": "/scratch/bacobax2/bigearthnet_s2_b08_5x5_stride3_stage1_checkpoint_selection_single_runs/bigearthnet_s2_b08_5x5_stride3_sd15_lora_stage1_r8_train_5100/step_009600/stage1/preview_grid.png",
            "preview_images": [
              "/scratch/bacobax2/bigearthnet_s2_b08_5x5_stride3_stage1_checkpoint_selection_single_runs/bigearthnet_s2_b08_5x5_stride3_sd15_lora_stage1_r8_train_5100/step_009600/stage1/previews/sample_000000.png",
              "/scratch/bacobax2/bigearthnet_s2_b08_5x5_stride3_stage1_checkpoint_selection_single_runs/bigearthnet_s2_b08_5x5_stride3_sd15_lora_stage1_r8_train_5100/step_009600/stage1/previews/sample_000001.png",
              "/scratch/bacobax2/bigearthnet_s2_b08_5x5_stride3_stage1_checkpoint_selection_single_runs/bigearthnet_s2_b08_5x5_stride3_sd15_lora_stage1_r8_train_5100/step_009600/stage1/previews/sample_000002.png",
              "/scratch/bacobax2/bigearthnet_s2_b08_5x5_stride3_stage1_checkpoint_selection_single_runs/bigearthnet_s2_b08_5x5_stride3_sd15_lora_stage1_r8_train_5100/step_009600/stage1/previews/sample_000003.png",
              "/scratch/bacobax2/bigearthnet_s2_b08_5x5_stride3_stage1_checkpoint_selection_single_runs/bigearthnet_s2_b08_5x5_stride3_sd15_lora_stage1_r8_train_5100/step_009600/stage1/previews/sample_000004.png",
              "/scratch/bacobax2/bigearthnet_s2_b08_5x5_stride3_stage1_checkpoint_selection_single_runs/bigearthnet_s2_b08_5x5_stride3_sd15_lora_stage1_r8_train_5100/step_009600/stage1/previews/sample_000005.png",
              "/scratch/bacobax2/bigearthnet_s2_b08_5x5_stride3_stage1_checkpoint_selection_single_runs/bigearthnet_s2_b08_5x5_stride3_sd15_lora_stage1_r8_train_5100/step_009600/stage1/previews/sample_000006.png",
              "/scratch/bacobax2/bigearthnet_s2_b08_5x5_stride3_stage1_checkpoint_selection_single_runs/bigearthnet_s2_b08_5x5_stride3_sd15_lora_stage1_r8_train_5100/step_009600/stage1/previews/sample_000007.png",
              "/scratch/bacobax2/bigearthnet_s2_b08_5x5_stride3_stage1_checkpoint_selection_single_runs/bigearthnet_s2_b08_5x5_stride3_sd15_lora_stage1_r8_train_5100/step_009600/stage1/previews/sample_000008.png",
              "/scratch/bacobax2/bigearthnet_s2_b08_5x5_stride3_stage1_checkpoint_selection_single_runs/bigearthnet_s2_b08_5x5_stride3_sd15_lora_stage1_r8_train_5100/step_009600/stage1/previews/sample_000009.png",
              "/scratch/bacobax2/bigearthnet_s2_b08_5x5_stride3_stage1_checkpoint_selection_single_runs/bigearthnet_s2_b08_5x5_stride3_sd15_lora_stage1_r8_train_5100/step_009600/stage1/previews/sample_000010.png",
              "/scratch/bacobax2/bigearthnet_s2_b08_5x5_stride3_stage1_checkpoint_selection_single_runs/bigearthnet_s2_b08_5x5_stride3_sd15_lora_stage1_r8_train_5100/step_009600/stage1/previews/sample_000011.png",
              "/scratch/bacobax2/bigearthnet_s2_b08_5x5_stride3_stage1_checkpoint_selection_single_runs/bigearthnet_s2_b08_5x5_stride3_sd15_lora_stage1_r8_train_5100/step_009600/stage1/previews/sample_000012.png",
              "/scratch/bacobax2/bigearthnet_s2_b08_5x5_stride3_stage1_checkpoint_selection_single_runs/bigearthnet_s2_b08_5x5_stride3_sd15_lora_stage1_r8_train_5100/step_009600/stage1/previews/sample_000013.png",
              "/scratch/bacobax2/bigearthnet_s2_b08_5x5_stride3_stage1_checkpoint_selection_single_runs/bigearthnet_s2_b08_5x5_stride3_sd15_lora_stage1_r8_train_5100/step_009600/stage1/previews/sample_000014.png",
              "/scratch/bacobax2/bigearthnet_s2_b08_5x5_stride3_stage1_checkpoint_selection_single_runs/bigearthnet_s2_b08_5x5_stride3_sd15_lora_stage1_r8_train_5100/step_009600/stage1/previews/sample_000015.png"
            ],
            "run_identifier": "bigearthnet_s2_b08_5x5_stride3_sd15_lora_stage1_r8_train_5100",
            "source_generated_image_folder": "/scratch/bacobax2/bigearthnet_s2_b08_5x5_stride3_stage1_checkpoint_selection_single_runs/bigearthnet_s2_b08_5x5_stride3_sd15_lora_stage1_r8_train_5100/step_009600/stage1/generated_npy_images",
            "stage": "stage1",
            "tile_size": 512,
            "timestamp": "2026-06-01T02:31:27.312680+00:00"
          },
          {
            "analysis_preview_folder": "/scratch/bacobax2/bigearthnet_s2_b08_5x5_stride3_stage1_checkpoint_selection_single_runs/bigearthnet_s2_b08_5x5_stride3_sd15_lora_stage1_r8_train_5100/step_001600/stage2",
            "checkpoint_identifier": "step_001600",
            "columns": 4,
            "normalization_mode": "sentinel2_reflectance",
            "num_preview_images": 16,
            "preview_grid": "/scratch/bacobax2/bigearthnet_s2_b08_5x5_stride3_stage1_checkpoint_selection_single_runs/bigearthnet_s2_b08_5x5_stride3_sd15_lora_stage1_r8_train_5100/step_001600/stage2/preview_grid.png",
            "preview_images": [
              "/scratch/bacobax2/bigearthnet_s2_b08_5x5_stride3_stage1_checkpoint_selection_single_runs/bigearthnet_s2_b08_5x5_stride3_sd15_lora_stage1_r8_train_5100/step_001600/stage2/previews/sample_000000.png",
              "/scratch/bacobax2/bigearthnet_s2_b08_5x5_stride3_stage1_checkpoint_selection_single_runs/bigearthnet_s2_b08_5x5_stride3_sd15_lora_stage1_r8_train_5100/step_001600/stage2/previews/sample_000001.png",
              "/scratch/bacobax2/bigearthnet_s2_b08_5x5_stride3_stage1_checkpoint_selection_single_runs/bigearthnet_s2_b08_5x5_stride3_sd15_lora_stage1_r8_train_5100/step_001600/stage2/previews/sample_000002.png",
              "/scratch/bacobax2/bigearthnet_s2_b08_5x5_stride3_stage1_checkpoint_selection_single_runs/bigearthnet_s2_b08_5x5_stride3_sd15_lora_stage1_r8_train_5100/step_001600/stage2/previews/sample_000003.png",
              "/scratch/bacobax2/bigearthnet_s2_b08_5x5_stride3_stage1_checkpoint_selection_single_runs/bigearthnet_s2_b08_5x5_stride3_sd15_lora_stage1_r8_train_5100/step_001600/stage2/previews/sample_000004.png",
              "/scratch/bacobax2/bigearthnet_s2_b08_5x5_stride3_stage1_checkpoint_selection_single_runs/bigearthnet_s2_b08_5x5_stride3_sd15_lora_stage1_r8_train_5100/step_001600/stage2/previews/sample_000005.png",
              "/scratch/bacobax2/bigearthnet_s2_b08_5x5_stride3_stage1_checkpoint_selection_single_runs/bigearthnet_s2_b08_5x5_stride3_sd15_lora_stage1_r8_train_5100/step_001600/stage2/previews/sample_000006.png",
              "/scratch/bacobax2/bigearthnet_s2_b08_5x5_stride3_stage1_checkpoint_selection_single_runs/bigearthnet_s2_b08_5x5_stride3_sd15_lora_stage1_r8_train_5100/step_001600/stage2/previews/sample_000007.png",
              "/scratch/bacobax2/bigearthnet_s2_b08_5x5_stride3_stage1_checkpoint_selection_single_runs/bigearthnet_s2_b08_5x5_stride3_sd15_lora_stage1_r8_train_5100/step_001600/stage2/previews/sample_000008.png",
              "/scratch/bacobax2/bigearthnet_s2_b08_5x5_stride3_stage1_checkpoint_selection_single_runs/bigearthnet_s2_b08_5x5_stride3_sd15_lora_stage1_r8_train_5100/step_001600/stage2/previews/sample_000009.png",
              "/scratch/bacobax2/bigearthnet_s2_b08_5x5_stride3_stage1_checkpoint_selection_single_runs/bigearthnet_s2_b08_5x5_stride3_sd15_lora_stage1_r8_train_5100/step_001600/stage2/previews/sample_000010.png",
              "/scratch/bacobax2/bigearthnet_s2_b08_5x5_stride3_stage1_checkpoint_selection_single_runs/bigearthnet_s2_b08_5x5_stride3_sd15_lora_stage1_r8_train_5100/step_001600/stage2/previews/sample_000011.png",
              "/scratch/bacobax2/bigearthnet_s2_b08_5x5_stride3_stage1_checkpoint_selection_single_runs/bigearthnet_s2_b08_5x5_stride3_sd15_lora_stage1_r8_train_5100/step_001600/stage2/previews/sample_000012.png",
              "/scratch/bacobax2/bigearthnet_s2_b08_5x5_stride3_stage1_checkpoint_selection_single_runs/bigearthnet_s2_b08_5x5_stride3_sd15_lora_stage1_r8_train_5100/step_001600/stage2/previews/sample_000013.png",
              "/scratch/bacobax2/bigearthnet_s2_b08_5x5_stride3_stage1_checkpoint_selection_single_runs/bigearthnet_s2_b08_5x5_stride3_sd15_lora_stage1_r8_train_5100/step_001600/stage2/previews/sample_000014.png",
              "/scratch/bacobax2/bigearthnet_s2_b08_5x5_stride3_stage1_checkpoint_selection_single_runs/bigearthnet_s2_b08_5x5_stride3_sd15_lora_stage1_r8_train_5100/step_001600/stage2/previews/sample_000015.png"
            ],
            "run_identifier": "bigearthnet_s2_b08_5x5_stride3_sd15_lora_stage1_r8_train_5100",
            "source_generated_image_folder": "/scratch/bacobax2/bigearthnet_s2_b08_5x5_stride3_stage1_checkpoint_selection_single_runs/bigearthnet_s2_b08_5x5_stride3_sd15_lora_stage1_r8_train_5100/step_001600/stage2/generated_npy_images",
            "stage": "stage2",
            "tile_size": 512,
            "timestamp": "2026-06-01T02:31:28.029655+00:00"
          },
          {
            "analysis_preview_folder": "/scratch/bacobax2/bigearthnet_s2_b08_5x5_stride3_stage1_checkpoint_selection_single_runs/bigearthnet_s2_b08_5x5_stride3_sd15_lora_stage1_r8_train_5100/step_006400/stage2",
            "checkpoint_identifier": "step_006400",
            "columns": 4,
            "normalization_mode": "sentinel2_reflectance",
            "num_preview_images": 16,
            "preview_grid": "/scratch/bacobax2/bigearthnet_s2_b08_5x5_stride3_stage1_checkpoint_selection_single_runs/bigearthnet_s2_b08_5x5_stride3_sd15_lora_stage1_r8_train_5100/step_006400/stage2/preview_grid.png",
            "preview_images": [
              "/scratch/bacobax2/bigearthnet_s2_b08_5x5_stride3_stage1_checkpoint_selection_single_runs/bigearthnet_s2_b08_5x5_stride3_sd15_lora_stage1_r8_train_5100/step_006400/stage2/previews/sample_000000.png",
              "/scratch/bacobax2/bigearthnet_s2_b08_5x5_stride3_stage1_checkpoint_selection_single_runs/bigearthnet_s2_b08_5x5_stride3_sd15_lora_stage1_r8_train_5100/step_006400/stage2/previews/sample_000001.png",
              "/scratch/bacobax2/bigearthnet_s2_b08_5x5_stride3_stage1_checkpoint_selection_single_runs/bigearthnet_s2_b08_5x5_stride3_sd15_lora_stage1_r8_train_5100/step_006400/stage2/previews/sample_000002.png",
              "/scratch/bacobax2/bigearthnet_s2_b08_5x5_stride3_stage1_checkpoint_selection_single_runs/bigearthnet_s2_b08_5x5_stride3_sd15_lora_stage1_r8_train_5100/step_006400/stage2/previews/sample_000003.png",
              "/scratch/bacobax2/bigearthnet_s2_b08_5x5_stride3_stage1_checkpoint_selection_single_runs/bigearthnet_s2_b08_5x5_stride3_sd15_lora_stage1_r8_train_5100/step_006400/stage2/previews/sample_000004.png",
              "/scratch/bacobax2/bigearthnet_s2_b08_5x5_stride3_stage1_checkpoint_selection_single_runs/bigearthnet_s2_b08_5x5_stride3_sd15_lora_stage1_r8_train_5100/step_006400/stage2/previews/sample_000005.png",
              "/scratch/bacobax2/bigearthnet_s2_b08_5x5_stride3_stage1_checkpoint_selection_single_runs/bigearthnet_s2_b08_5x5_stride3_sd15_lora_stage1_r8_train_5100/step_006400/stage2/previews/sample_000006.png",
              "/scratch/bacobax2/bigearthnet_s2_b08_5x5_stride3_stage1_checkpoint_selection_single_runs/bigearthnet_s2_b08_5x5_stride3_sd15_lora_stage1_r8_train_5100/step_006400/stage2/previews/sample_000007.png",
              "/scratch/bacobax2/bigearthnet_s2_b08_5x5_stride3_stage1_checkpoint_selection_single_runs/bigearthnet_s2_b08_5x5_stride3_sd15_lora_stage1_r8_train_5100/step_006400/stage2/previews/sample_000008.png",
              "/scratch/bacobax2/bigearthnet_s2_b08_5x5_stride3_stage1_checkpoint_selection_single_runs/bigearthnet_s2_b08_5x5_stride3_sd15_lora_stage1_r8_train_5100/step_006400/stage2/previews/sample_000009.png",
              "/scratch/bacobax2/bigearthnet_s2_b08_5x5_stride3_stage1_checkpoint_selection_single_runs/bigearthnet_s2_b08_5x5_stride3_sd15_lora_stage1_r8_train_5100/step_006400/stage2/previews/sample_000010.png",
              "/scratch/bacobax2/bigearthnet_s2_b08_5x5_stride3_stage1_checkpoint_selection_single_runs/bigearthnet_s2_b08_5x5_stride3_sd15_lora_stage1_r8_train_5100/step_006400/stage2/previews/sample_000011.png",
              "/scratch/bacobax2/bigearthnet_s2_b08_5x5_stride3_stage1_checkpoint_selection_single_runs/bigearthnet_s2_b08_5x5_stride3_sd15_lora_stage1_r8_train_5100/step_006400/stage2/previews/sample_000012.png",
              "/scratch/bacobax2/bigearthnet_s2_b08_5x5_stride3_stage1_checkpoint_selection_single_runs/bigearthnet_s2_b08_5x5_stride3_sd15_lora_stage1_r8_train_5100/step_006400/stage2/previews/sample_000013.png",
              "/scratch/bacobax2/bigearthnet_s2_b08_5x5_stride3_stage1_checkpoint_selection_single_runs/bigearthnet_s2_b08_5x5_stride3_sd15_lora_stage1_r8_train_5100/step_006400/stage2/previews/sample_000014.png",
              "/scratch/bacobax2/bigearthnet_s2_b08_5x5_stride3_stage1_checkpoint_selection_single_runs/bigearthnet_s2_b08_5x5_stride3_sd15_lora_stage1_r8_train_5100/step_006400/stage2/previews/sample_000015.png"
            ],
            "run_identifier": "bigearthnet_s2_b08_5x5_stride3_sd15_lora_stage1_r8_train_5100",
            "source_generated_image_folder": "/scratch/bacobax2/bigearthnet_s2_b08_5x5_stride3_stage1_checkpoint_selection_single_runs/bigearthnet_s2_b08_5x5_stride3_sd15_lora_stage1_r8_train_5100/step_006400/stage2/generated_npy_images",
            "stage": "stage2",
            "tile_size": 512,
            "timestamp": "2026-06-01T02:31:28.772178+00:00"
          },
          {
            "analysis_preview_folder": "/scratch/bacobax2/bigearthnet_s2_b08_5x5_stride3_stage1_checkpoint_selection_single_runs/bigearthnet_s2_b08_5x5_stride3_sd15_lora_stage1_r8_train_5100/step_004800/stage2",
            "checkpoint_identifier": "step_004800",
            "columns": 4,
            "normalization_mode": "sentinel2_reflectance",
            "num_preview_images": 16,
            "preview_grid": "/scratch/bacobax2/bigearthnet_s2_b08_5x5_stride3_stage1_checkpoint_selection_single_runs/bigearthnet_s2_b08_5x5_stride3_sd15_lora_stage1_r8_train_5100/step_004800/stage2/preview_grid.png",
            "preview_images": [
              "/scratch/bacobax2/bigearthnet_s2_b08_5x5_stride3_stage1_checkpoint_selection_single_runs/bigearthnet_s2_b08_5x5_stride3_sd15_lora_stage1_r8_train_5100/step_004800/stage2/previews/sample_000000.png",
              "/scratch/bacobax2/bigearthnet_s2_b08_5x5_stride3_stage1_checkpoint_selection_single_runs/bigearthnet_s2_b08_5x5_stride3_sd15_lora_stage1_r8_train_5100/step_004800/stage2/previews/sample_000001.png",
              "/scratch/bacobax2/bigearthnet_s2_b08_5x5_stride3_stage1_checkpoint_selection_single_runs/bigearthnet_s2_b08_5x5_stride3_sd15_lora_stage1_r8_train_5100/step_004800/stage2/previews/sample_000002.png",
              "/scratch/bacobax2/bigearthnet_s2_b08_5x5_stride3_stage1_checkpoint_selection_single_runs/bigearthnet_s2_b08_5x5_stride3_sd15_lora_stage1_r8_train_5100/step_004800/stage2/previews/sample_000003.png",
              "/scratch/bacobax2/bigearthnet_s2_b08_5x5_stride3_stage1_checkpoint_selection_single_runs/bigearthnet_s2_b08_5x5_stride3_sd15_lora_stage1_r8_train_5100/step_004800/stage2/previews/sample_000004.png",
              "/scratch/bacobax2/bigearthnet_s2_b08_5x5_stride3_stage1_checkpoint_selection_single_runs/bigearthnet_s2_b08_5x5_stride3_sd15_lora_stage1_r8_train_5100/step_004800/stage2/previews/sample_000005.png",
              "/scratch/bacobax2/bigearthnet_s2_b08_5x5_stride3_stage1_checkpoint_selection_single_runs/bigearthnet_s2_b08_5x5_stride3_sd15_lora_stage1_r8_train_5100/step_004800/stage2/previews/sample_000006.png",
              "/scratch/bacobax2/bigearthnet_s2_b08_5x5_stride3_stage1_checkpoint_selection_single_runs/bigearthnet_s2_b08_5x5_stride3_sd15_lora_stage1_r8_train_5100/step_004800/stage2/previews/sample_000007.png",
              "/scratch/bacobax2/bigearthnet_s2_b08_5x5_stride3_stage1_checkpoint_selection_single_runs/bigearthnet_s2_b08_5x5_stride3_sd15_lora_stage1_r8_train_5100/step_004800/stage2/previews/sample_000008.png",
              "/scratch/bacobax2/bigearthnet_s2_b08_5x5_stride3_stage1_checkpoint_selection_single_runs/bigearthnet_s2_b08_5x5_stride3_sd15_lora_stage1_r8_train_5100/step_004800/stage2/previews/sample_000009.png",
              "/scratch/bacobax2/bigearthnet_s2_b08_5x5_stride3_stage1_checkpoint_selection_single_runs/bigearthnet_s2_b08_5x5_stride3_sd15_lora_stage1_r8_train_5100/step_004800/stage2/previews/sample_000010.png",
              "/scratch/bacobax2/bigearthnet_s2_b08_5x5_stride3_stage1_checkpoint_selection_single_runs/bigearthnet_s2_b08_5x5_stride3_sd15_lora_stage1_r8_train_5100/step_004800/stage2/previews/sample_000011.png",
              "/scratch/bacobax2/bigearthnet_s2_b08_5x5_stride3_stage1_checkpoint_selection_single_runs/bigearthnet_s2_b08_5x5_stride3_sd15_lora_stage1_r8_train_5100/step_004800/stage2/previews/sample_000012.png",
              "/scratch/bacobax2/bigearthnet_s2_b08_5x5_stride3_stage1_checkpoint_selection_single_runs/bigearthnet_s2_b08_5x5_stride3_sd15_lora_stage1_r8_train_5100/step_004800/stage2/previews/sample_000013.png",
              "/scratch/bacobax2/bigearthnet_s2_b08_5x5_stride3_stage1_checkpoint_selection_single_runs/bigearthnet_s2_b08_5x5_stride3_sd15_lora_stage1_r8_train_5100/step_004800/stage2/previews/sample_000014.png",
              "/scratch/bacobax2/bigearthnet_s2_b08_5x5_stride3_stage1_checkpoint_selection_single_runs/bigearthnet_s2_b08_5x5_stride3_sd15_lora_stage1_r8_train_5100/step_004800/stage2/previews/sample_000015.png"
            ],
            "run_identifier": "bigearthnet_s2_b08_5x5_stride3_sd15_lora_stage1_r8_train_5100",
            "source_generated_image_folder": "/scratch/bacobax2/bigearthnet_s2_b08_5x5_stride3_stage1_checkpoint_selection_single_runs/bigearthnet_s2_b08_5x5_stride3_sd15_lora_stage1_r8_train_5100/step_004800/stage2/generated_npy_images",
            "stage": "stage2",
            "tile_size": 512,
            "timestamp": "2026-06-01T02:31:29.484748+00:00"
          },
          {
            "analysis_preview_folder": "/scratch/bacobax2/bigearthnet_s2_b08_5x5_stride3_stage1_checkpoint_selection_single_runs/bigearthnet_s2_b08_5x5_stride3_sd15_lora_stage1_r8_train_5100/step_001600/stage3",
            "checkpoint_identifier": "step_001600",
            "columns": 4,
            "normalization_mode": "sentinel2_reflectance",
            "num_preview_images": 16,
            "preview_grid": "/scratch/bacobax2/bigearthnet_s2_b08_5x5_stride3_stage1_checkpoint_selection_single_runs/bigearthnet_s2_b08_5x5_stride3_sd15_lora_stage1_r8_train_5100/step_001600/stage3/preview_grid.png",
            "preview_images": [
              "/scratch/bacobax2/bigearthnet_s2_b08_5x5_stride3_stage1_checkpoint_selection_single_runs/bigearthnet_s2_b08_5x5_stride3_sd15_lora_stage1_r8_train_5100/step_001600/stage3/previews/sample_000000.png",
              "/scratch/bacobax2/bigearthnet_s2_b08_5x5_stride3_stage1_checkpoint_selection_single_runs/bigearthnet_s2_b08_5x5_stride3_sd15_lora_stage1_r8_train_5100/step_001600/stage3/previews/sample_000001.png",
              "/scratch/bacobax2/bigearthnet_s2_b08_5x5_stride3_stage1_checkpoint_selection_single_runs/bigearthnet_s2_b08_5x5_stride3_sd15_lora_stage1_r8_train_5100/step_001600/stage3/previews/sample_000002.png",
              "/scratch/bacobax2/bigearthnet_s2_b08_5x5_stride3_stage1_checkpoint_selection_single_runs/bigearthnet_s2_b08_5x5_stride3_sd15_lora_stage1_r8_train_5100/step_001600/stage3/previews/sample_000003.png",
              "/scratch/bacobax2/bigearthnet_s2_b08_5x5_stride3_stage1_checkpoint_selection_single_runs/bigearthnet_s2_b08_5x5_stride3_sd15_lora_stage1_r8_train_5100/step_001600/stage3/previews/sample_000004.png",
              "/scratch/bacobax2/bigearthnet_s2_b08_5x5_stride3_stage1_checkpoint_selection_single_runs/bigearthnet_s2_b08_5x5_stride3_sd15_lora_stage1_r8_train_5100/step_001600/stage3/previews/sample_000005.png",
              "/scratch/bacobax2/bigearthnet_s2_b08_5x5_stride3_stage1_checkpoint_selection_single_runs/bigearthnet_s2_b08_5x5_stride3_sd15_lora_stage1_r8_train_5100/step_001600/stage3/previews/sample_000006.png",
              "/scratch/bacobax2/bigearthnet_s2_b08_5x5_stride3_stage1_checkpoint_selection_single_runs/bigearthnet_s2_b08_5x5_stride3_sd15_lora_stage1_r8_train_5100/step_001600/stage3/previews/sample_000007.png",
              "/scratch/bacobax2/bigearthnet_s2_b08_5x5_stride3_stage1_checkpoint_selection_single_runs/bigearthnet_s2_b08_5x5_stride3_sd15_lora_stage1_r8_train_5100/step_001600/stage3/previews/sample_000008.png",
              "/scratch/bacobax2/bigearthnet_s2_b08_5x5_stride3_stage1_checkpoint_selection_single_runs/bigearthnet_s2_b08_5x5_stride3_sd15_lora_stage1_r8_train_5100/step_001600/stage3/previews/sample_000009.png",
              "/scratch/bacobax2/bigearthnet_s2_b08_5x5_stride3_stage1_checkpoint_selection_single_runs/bigearthnet_s2_b08_5x5_stride3_sd15_lora_stage1_r8_train_5100/step_001600/stage3/previews/sample_000010.png",
              "/scratch/bacobax2/bigearthnet_s2_b08_5x5_stride3_stage1_checkpoint_selection_single_runs/bigearthnet_s2_b08_5x5_stride3_sd15_lora_stage1_r8_train_5100/step_001600/stage3/previews/sample_000011.png",
              "/scratch/bacobax2/bigearthnet_s2_b08_5x5_stride3_stage1_checkpoint_selection_single_runs/bigearthnet_s2_b08_5x5_stride3_sd15_lora_stage1_r8_train_5100/step_001600/stage3/previews/sample_000012.png",
              "/scratch/bacobax2/bigearthnet_s2_b08_5x5_stride3_stage1_checkpoint_selection_single_runs/bigearthnet_s2_b08_5x5_stride3_sd15_lora_stage1_r8_train_5100/step_001600/stage3/previews/sample_000013.png",
              "/scratch/bacobax2/bigearthnet_s2_b08_5x5_stride3_stage1_checkpoint_selection_single_runs/bigearthnet_s2_b08_5x5_stride3_sd15_lora_stage1_r8_train_5100/step_001600/stage3/previews/sample_000014.png",
              "/scratch/bacobax2/bigearthnet_s2_b08_5x5_stride3_stage1_checkpoint_selection_single_runs/bigearthnet_s2_b08_5x5_stride3_sd15_lora_stage1_r8_train_5100/step_001600/stage3/previews/sample_000015.png"
            ],
            "run_identifier": "bigearthnet_s2_b08_5x5_stride3_sd15_lora_stage1_r8_train_5100",
            "source_generated_image_folder": "/scratch/bacobax2/bigearthnet_s2_b08_5x5_stride3_stage1_checkpoint_selection_single_runs/bigearthnet_s2_b08_5x5_stride3_sd15_lora_stage1_r8_train_5100/step_001600/stage3/generated_npy_images",
            "stage": "stage3",
            "tile_size": 512,
            "timestamp": "2026-06-01T02:31:30.269293+00:00"
          }
        ],
        "timestamp": "2026-06-01T02:31:30.274276+00:00"
      },
      "excluded_checkpoints": [],
      "final_metrics": {
        "FID": 67.50813700357355,
        "KID": 0.03635461366481337,
        "LPIPS_backbone_config": {
          "diagnostics": null,
          "lpips_backbone": "alex",
          "lpips_metric_type": "intra_lpips",
          "lpips_reference_path": "/project/6109890/bacobax2/ir-generative-study/data/derived/bigearthnet_s2_b08_5x5_stride3/images/train"
        },
        "MMD": 0.010728483613158235,
        "full_relevant_config_snapshot": {
          "analysis_output_root": null,
          "analysis_preview_columns": 4,
          "analysis_preview_num_images": 16,
          "analysis_preview_tile_size": 512,
          "checkpoint_min_epoch": 50,
          "checkpoint_min_step": null,
          "compute_fid": true,
          "compute_intra_lpips": false,
          "compute_kid": true,
          "compute_mmd": true,
          "dataset_id": "bigearthnet_s2_b08_5x5_stride3",
          "device": null,
          "fid_weight": 0.2,
          "generated_min_std": 1.0,
          "generation_batch_size": 8,
          "generation_seed": 1234,
          "kid": {
            "subset_size": 1000,
            "subsets": 100
          },
          "kid_weight": 0.8,
          "lpips_backbone": "alex",
          "lpips_batch_size": 8,
          "lpips_metric_type": "intra_lpips",
          "lpips_reference_num_samples": 1000,
          "lpips_reference_split": "train",
          "lpips_resize_to": 256,
          "metric_batch_size": 8,
          "metric_feature_extractor": "inception",
          "mixed_precision": "auto",
          "mmd": {
            "bandwidths": [
              0.1,
              1.0,
              10.0
            ],
            "kernel": "rbf"
          },
          "num_inference_steps": 40,
          "output_root": "/scratch/bacobax2/bigearthnet_s2_b08_5x5_stride3_stage1_checkpoint_selection_single_runs",
          "overwrite_existing_generations": false,
          "overwrite_existing_metrics": false,
          "real_reference_num_samples": null,
          "real_reference_path": null,
          "real_reference_split": "val",
          "runs": [
            {
              "generation_entrypoint": null,
              "model_type": "sd_lora",
              "run_dir": "artifacts/checkpoints/stable_diffusion/lora_runs/bigearthnet_s2_b08_5x5_stride3_sd15_lora_stage1_r8_train_5100",
              "run_identifier": "bigearthnet_s2_b08_5x5_stride3_sd15_lora_stage1_r8_train_5100",
              "sampler_name": null,
              "sampling_config_path": "configs/datasets/bigearthnet_s2_b08_5x5_stride3/sd_adaptation/bigearthnet_s2_b08_5x5_stride3_lora_stage1_r8_train_5100.yaml"
            }
          ],
          "save_analysis_previews": true,
          "save_generated_format": "npy",
          "selection_primary_metric": "KID",
          "selection_score_mode": "weighted_normalized_kid_fid",
          "stage1_num_images": 200,
          "stage1_seed_offset": 0,
          "stage2_extra_images": 800,
          "stage2_seed_offset": 100000,
          "stage3_extra_images": 1000,
          "stage3_seed_offset": 200000,
          "top_k_checkpoints": 3
        },
        "generation_backend_used": "diffusers_stable_diffusion_lora",
        "generation_seed_information": {
          "stage1": [
            1234,
            1235,
            1236,
            1237,
            1238,
            1239,
            1240,
            1241,
            1242,
            1243,
            1244,
            1245,
            1246,
            1247,
            1248,
            1249,
            1250,
            1251,
            1252,
            1253,
            1254,
            1255,
            1256,
            1257,
            1258,
            1259,
            1260,
            1261,
            1262,
            1263,
            1264,
            1265,
            1266,
            1267,
            1268,
            1269,
            1270,
            1271,
            1272,
            1273,
            1274,
            1275,
            1276,
            1277,
            1278,
            1279,
            1280,
            1281,
            1282,
            1283,
            1284,
            1285,
            1286,
            1287,
            1288,
            1289,
            1290,
            1291,
            1292,
            1293,
            1294,
            1295,
            1296,
            1297,
            1298,
            1299,
            1300,
            1301,
            1302,
            1303,
            1304,
            1305,
            1306,
            1307,
            1308,
            1309,
            1310,
            1311,
            1312,
            1313,
            1314,
            1315,
            1316,
            1317,
            1318,
            1319,
            1320,
            1321,
            1322,
            1323,
            1324,
            1325,
            1326,
            1327,
            1328,
            1329,
            1330,
            1331,
            1332,
            1333,
            1334,
            1335,
            1336,
            1337,
            1338,
            1339,
            1340,
            1341,
            1342,
            1343,
            1344,
            1345,
            1346,
            1347,
            1348,
            1349,
            1350,
            1351,
            1352,
            1353,
            1354,
            1355,
            1356,
            1357,
            1358,
            1359,
            1360,
            1361,
            1362,
            1363,
            1364,
            1365,
            1366,
            1367,
            1368,
            1369,
            1370,
            1371,
            1372,
            1373,
            1374,
            1375,
            1376,
            1377,
            1378,
            1379,
            1380,
            1381,
            1382,
            1383,
            1384,
            1385,
            1386,
            1387,
            1388,
            1389,
            1390,
            1391,
            1392,
            1393,
            1394,
            1395,
            1396,
            1397,
            1398,
            1399,
            1400,
            1401,
            1402,
            1403,
            1404,
            1405,
            1406,
            1407,
            1408,
            1409,
            1410,
            1411,
            1412,
            1413,
            1414,
            1415,
            1416,
            1417,
            1418,
            1419,
            1420,
            1421,
            1422,
            1423,
            1424,
            1425,
            1426,
            1427,
            1428,
            1429,
            1430,
            1431,
            1432,
            1433
          ],
          "stage2": [
            101234,
            101235,
            101236,
            101237,
            101238,
            101239,
            101240,
            101241,
            101242,
            101243,
            101244,
            101245,
            101246,
            101247,
            101248,
            101249,
            101250,
            101251,
            101252,
            101253,
            101254,
            101255,
            101256,
            101257,
            101258,
            101259,
            101260,
            101261,
            101262,
            101263,
            101264,
            101265,
            101266,
            101267,
            101268,
            101269,
            101270,
            101271,
            101272,
            101273,
            101274,
            101275,
            101276,
            101277,
            101278,
            101279,
            101280,
            101281,
            101282,
            101283,
            101284,
            101285,
            101286,
            101287,
            101288,
            101289,
            101290,
            101291,
            101292,
            101293,
            101294,
            101295,
            101296,
            101297,
            101298,
            101299,
            101300,
            101301,
            101302,
            101303,
            101304,
            101305,
            101306,
            101307,
            101308,
            101309,
            101310,
            101311,
            101312,
            101313,
            101314,
            101315,
            101316,
            101317,
            101318,
            101319,
            101320,
            101321,
            101322,
            101323,
            101324,
            101325,
            101326,
            101327,
            101328,
            101329,
            101330,
            101331,
            101332,
            101333,
            101334,
            101335,
            101336,
            101337,
            101338,
            101339,
            101340,
            101341,
            101342,
            101343,
            101344,
            101345,
            101346,
            101347,
            101348,
            101349,
            101350,
            101351,
            101352,
            101353,
            101354,
            101355,
            101356,
            101357,
            101358,
            101359,
            101360,
            101361,
            101362,
            101363,
            101364,
            101365,
            101366,
            101367,
            101368,
            101369,
            101370,
            101371,
            101372,
            101373,
            101374,
            101375,
            101376,
            101377,
            101378,
            101379,
            101380,
            101381,
            101382,
            101383,
            101384,
            101385,
            101386,
            101387,
            101388,
            101389,
            101390,
            101391,
            101392,
            101393,
            101394,
            101395,
            101396,
            101397,
            101398,
            101399,
            101400,
            101401,
            101402,
            101403,
            101404,
            101405,
            101406,
            101407,
            101408,
            101409,
            101410,
            101411,
            101412,
            101413,
            101414,
            101415,
            101416,
            101417,
            101418,
            101419,
            101420,
            101421,
            101422,
            101423,
            101424,
            101425,
            101426,
            101427,
            101428,
            101429,
            101430,
            101431,
            101432,
            101433,
            101434,
            101435,
            101436,
            101437,
            101438,
            101439,
            101440,
            101441,
            101442,
            101443,
            101444,
            101445,
            101446,
            101447,
            101448,
            101449,
            101450,
            101451,
            101452,
            101453,
            101454,
            101455,
            101456,
            101457,
            101458,
            101459,
            101460,
            101461,
            101462,
            101463,
            101464,
            101465,
            101466,
            101467,
            101468,
            101469,
            101470,
            101471,
            101472,
            101473,
            101474,
            101475,
            101476,
            101477,
            101478,
            101479,
            101480,
            101481,
            101482,
            101483,
            101484,
            101485,
            101486,
            101487,
            101488,
            101489,
            101490,
            101491,
            101492,
            101493,
            101494,
            101495,
            101496,
            101497,
            101498,
            101499,
            101500,
            101501,
            101502,
            101503,
            101504,
            101505,
            101506,
            101507,
            101508,
            101509,
            101510,
            101511,
            101512,
            101513,
            101514,
            101515,
            101516,
            101517,
            101518,
            101519,
            101520,
            101521,
            101522,
            101523,
            101524,
            101525,
            101526,
            101527,
            101528,
            101529,
            101530,
            101531,
            101532,
            101533,
            101534,
            101535,
            101536,
            101537,
            101538,
            101539,
            101540,
            101541,
            101542,
            101543,
            101544,
            101545,
            101546,
            101547,
            101548,
            101549,
            101550,
            101551,
            101552,
            101553,
            101554,
            101555,
            101556,
            101557,
            101558,
            101559,
            101560,
            101561,
            101562,
            101563,
            101564,
            101565,
            101566,
            101567,
            101568,
            101569,
            101570,
            101571,
            101572,
            101573,
            101574,
            101575,
            101576,
            101577,
            101578,
            101579,
            101580,
            101581,
            101582,
            101583,
            101584,
            101585,
            101586,
            101587,
            101588,
            101589,
            101590,
            101591,
            101592,
            101593,
            101594,
            101595,
            101596,
            101597,
            101598,
            101599,
            101600,
            101601,
            101602,
            101603,
            101604,
            101605,
            101606,
            101607,
            101608,
            101609,
            101610,
            101611,
            101612,
            101613,
            101614,
            101615,
            101616,
            101617,
            101618,
            101619,
            101620,
            101621,
            101622,
            101623,
            101624,
            101625,
            101626,
            101627,
            101628,
            101629,
            101630,
            101631,
            101632,
            101633,
            101634,
            101635,
            101636,
            101637,
            101638,
            101639,
            101640,
            101641,
            101642,
            101643,
            101644,
            101645,
            101646,
            101647,
            101648,
            101649,
            101650,
            101651,
            101652,
            101653,
            101654,
            101655,
            101656,
            101657,
            101658,
            101659,
            101660,
            101661,
            101662,
            101663,
            101664,
            101665,
            101666,
            101667,
            101668,
            101669,
            101670,
            101671,
            101672,
            101673,
            101674,
            101675,
            101676,
            101677,
            101678,
            101679,
            101680,
            101681,
            101682,
            101683,
            101684,
            101685,
            101686,
            101687,
            101688,
            101689,
            101690,
            101691,
            101692,
            101693,
            101694,
            101695,
            101696,
            101697,
            101698,
            101699,
            101700,
            101701,
            101702,
            101703,
            101704,
            101705,
            101706,
            101707,
            101708,
            101709,
            101710,
            101711,
            101712,
            101713,
            101714,
            101715,
            101716,
            101717,
            101718,
            101719,
            101720,
            101721,
            101722,
            101723,
            101724,
            101725,
            101726,
            101727,
            101728,
            101729,
            101730,
            101731,
            101732,
            101733,
            101734,
            101735,
            101736,
            101737,
            101738,
            101739,
            101740,
            101741,
            101742,
            101743,
            101744,
            101745,
            101746,
            101747,
            101748,
            101749,
            101750,
            101751,
            101752,
            101753,
            101754,
            101755,
            101756,
            101757,
            101758,
            101759,
            101760,
            101761,
            101762,
            101763,
            101764,
            101765,
            101766,
            101767,
            101768,
            101769,
            101770,
            101771,
            101772,
            101773,
            101774,
            101775,
            101776,
            101777,
            101778,
            101779,
            101780,
            101781,
            101782,
            101783,
            101784,
            101785,
            101786,
            101787,
            101788,
            101789,
            101790,
            101791,
            101792,
            101793,
            101794,
            101795,
            101796,
            101797,
            101798,
            101799,
            101800,
            101801,
            101802,
            101803,
            101804,
            101805,
            101806,
            101807,
            101808,
            101809,
            101810,
            101811,
            101812,
            101813,
            101814,
            101815,
            101816,
            101817,
            101818,
            101819,
            101820,
            101821,
            101822,
            101823,
            101824,
            101825,
            101826,
            101827,
            101828,
            101829,
            101830,
            101831,
            101832,
            101833,
            101834,
            101835,
            101836,
            101837,
            101838,
            101839,
            101840,
            101841,
            101842,
            101843,
            101844,
            101845,
            101846,
            101847,
            101848,
            101849,
            101850,
            101851,
            101852,
            101853,
            101854,
            101855,
            101856,
            101857,
            101858,
            101859,
            101860,
            101861,
            101862,
            101863,
            101864,
            101865,
            101866,
            101867,
            101868,
            101869,
            101870,
            101871,
            101872,
            101873,
            101874,
            101875,
            101876,
            101877,
            101878,
            101879,
            101880,
            101881,
            101882,
            101883,
            101884,
            101885,
            101886,
            101887,
            101888,
            101889,
            101890,
            101891,
            101892,
            101893,
            101894,
            101895,
            101896,
            101897,
            101898,
            101899,
            101900,
            101901,
            101902,
            101903,
            101904,
            101905,
            101906,
            101907,
            101908,
            101909,
            101910,
            101911,
            101912,
            101913,
            101914,
            101915,
            101916,
            101917,
            101918,
            101919,
            101920,
            101921,
            101922,
            101923,
            101924,
            101925,
            101926,
            101927,
            101928,
            101929,
            101930,
            101931,
            101932,
            101933,
            101934,
            101935,
            101936,
            101937,
            101938,
            101939,
            101940,
            101941,
            101942,
            101943,
            101944,
            101945,
            101946,
            101947,
            101948,
            101949,
            101950,
            101951,
            101952,
            101953,
            101954,
            101955,
            101956,
            101957,
            101958,
            101959,
            101960,
            101961,
            101962,
            101963,
            101964,
            101965,
            101966,
            101967,
            101968,
            101969,
            101970,
            101971,
            101972,
            101973,
            101974,
            101975,
            101976,
            101977,
            101978,
            101979,
            101980,
            101981,
            101982,
            101983,
            101984,
            101985,
            101986,
            101987,
            101988,
            101989,
            101990,
            101991,
            101992,
            101993,
            101994,
            101995,
            101996,
            101997,
            101998,
            101999,
            102000,
            102001,
            102002,
            102003,
            102004,
            102005,
            102006,
            102007,
            102008,
            102009,
            102010,
            102011,
            102012,
            102013,
            102014,
            102015,
            102016,
            102017,
            102018,
            102019,
            102020,
            102021,
            102022,
            102023,
            102024,
            102025,
            102026,
            102027,
            102028,
            102029,
            102030,
            102031,
            102032,
            102033
          ],
          "stage3": [
            201234,
            201235,
            201236,
            201237,
            201238,
            201239,
            201240,
            201241,
            201242,
            201243,
            201244,
            201245,
            201246,
            201247,
            201248,
            201249,
            201250,
            201251,
            201252,
            201253,
            201254,
            201255,
            201256,
            201257,
            201258,
            201259,
            201260,
            201261,
            201262,
            201263,
            201264,
            201265,
            201266,
            201267,
            201268,
            201269,
            201270,
            201271,
            201272,
            201273,
            201274,
            201275,
            201276,
            201277,
            201278,
            201279,
            201280,
            201281,
            201282,
            201283,
            201284,
            201285,
            201286,
            201287,
            201288,
            201289,
            201290,
            201291,
            201292,
            201293,
            201294,
            201295,
            201296,
            201297,
            201298,
            201299,
            201300,
            201301,
            201302,
            201303,
            201304,
            201305,
            201306,
            201307,
            201308,
            201309,
            201310,
            201311,
            201312,
            201313,
            201314,
            201315,
            201316,
            201317,
            201318,
            201319,
            201320,
            201321,
            201322,
            201323,
            201324,
            201325,
            201326,
            201327,
            201328,
            201329,
            201330,
            201331,
            201332,
            201333,
            201334,
            201335,
            201336,
            201337,
            201338,
            201339,
            201340,
            201341,
            201342,
            201343,
            201344,
            201345,
            201346,
            201347,
            201348,
            201349,
            201350,
            201351,
            201352,
            201353,
            201354,
            201355,
            201356,
            201357,
            201358,
            201359,
            201360,
            201361,
            201362,
            201363,
            201364,
            201365,
            201366,
            201367,
            201368,
            201369,
            201370,
            201371,
            201372,
            201373,
            201374,
            201375,
            201376,
            201377,
            201378,
            201379,
            201380,
            201381,
            201382,
            201383,
            201384,
            201385,
            201386,
            201387,
            201388,
            201389,
            201390,
            201391,
            201392,
            201393,
            201394,
            201395,
            201396,
            201397,
            201398,
            201399,
            201400,
            201401,
            201402,
            201403,
            201404,
            201405,
            201406,
            201407,
            201408,
            201409,
            201410,
            201411,
            201412,
            201413,
            201414,
            201415,
            201416,
            201417,
            201418,
            201419,
            201420,
            201421,
            201422,
            201423,
            201424,
            201425,
            201426,
            201427,
            201428,
            201429,
            201430,
            201431,
            201432,
            201433,
            201434,
            201435,
            201436,
            201437,
            201438,
            201439,
            201440,
            201441,
            201442,
            201443,
            201444,
            201445,
            201446,
            201447,
            201448,
            201449,
            201450,
            201451,
            201452,
            201453,
            201454,
            201455,
            201456,
            201457,
            201458,
            201459,
            201460,
            201461,
            201462,
            201463,
            201464,
            201465,
            201466,
            201467,
            201468,
            201469,
            201470,
            201471,
            201472,
            201473,
            201474,
            201475,
            201476,
            201477,
            201478,
            201479,
            201480,
            201481,
            201482,
            201483,
            201484,
            201485,
            201486,
            201487,
            201488,
            201489,
            201490,
            201491,
            201492,
            201493,
            201494,
            201495,
            201496,
            201497,
            201498,
            201499,
            201500,
            201501,
            201502,
            201503,
            201504,
            201505,
            201506,
            201507,
            201508,
            201509,
            201510,
            201511,
            201512,
            201513,
            201514,
            201515,
            201516,
            201517,
            201518,
            201519,
            201520,
            201521,
            201522,
            201523,
            201524,
            201525,
            201526,
            201527,
            201528,
            201529,
            201530,
            201531,
            201532,
            201533,
            201534,
            201535,
            201536,
            201537,
            201538,
            201539,
            201540,
            201541,
            201542,
            201543,
            201544,
            201545,
            201546,
            201547,
            201548,
            201549,
            201550,
            201551,
            201552,
            201553,
            201554,
            201555,
            201556,
            201557,
            201558,
            201559,
            201560,
            201561,
            201562,
            201563,
            201564,
            201565,
            201566,
            201567,
            201568,
            201569,
            201570,
            201571,
            201572,
            201573,
            201574,
            201575,
            201576,
            201577,
            201578,
            201579,
            201580,
            201581,
            201582,
            201583,
            201584,
            201585,
            201586,
            201587,
            201588,
            201589,
            201590,
            201591,
            201592,
            201593,
            201594,
            201595,
            201596,
            201597,
            201598,
            201599,
            201600,
            201601,
            201602,
            201603,
            201604,
            201605,
            201606,
            201607,
            201608,
            201609,
            201610,
            201611,
            201612,
            201613,
            201614,
            201615,
            201616,
            201617,
            201618,
            201619,
            201620,
            201621,
            201622,
            201623,
            201624,
            201625,
            201626,
            201627,
            201628,
            201629,
            201630,
            201631,
            201632,
            201633,
            201634,
            201635,
            201636,
            201637,
            201638,
            201639,
            201640,
            201641,
            201642,
            201643,
            201644,
            201645,
            201646,
            201647,
            201648,
            201649,
            201650,
            201651,
            201652,
            201653,
            201654,
            201655,
            201656,
            201657,
            201658,
            201659,
            201660,
            201661,
            201662,
            201663,
            201664,
            201665,
            201666,
            201667,
            201668,
            201669,
            201670,
            201671,
            201672,
            201673,
            201674,
            201675,
            201676,
            201677,
            201678,
            201679,
            201680,
            201681,
            201682,
            201683,
            201684,
            201685,
            201686,
            201687,
            201688,
            201689,
            201690,
            201691,
            201692,
            201693,
            201694,
            201695,
            201696,
            201697,
            201698,
            201699,
            201700,
            201701,
            201702,
            201703,
            201704,
            201705,
            201706,
            201707,
            201708,
            201709,
            201710,
            201711,
            201712,
            201713,
            201714,
            201715,
            201716,
            201717,
            201718,
            201719,
            201720,
            201721,
            201722,
            201723,
            201724,
            201725,
            201726,
            201727,
            201728,
            201729,
            201730,
            201731,
            201732,
            201733,
            201734,
            201735,
            201736,
            201737,
            201738,
            201739,
            201740,
            201741,
            201742,
            201743,
            201744,
            201745,
            201746,
            201747,
            201748,
            201749,
            201750,
            201751,
            201752,
            201753,
            201754,
            201755,
            201756,
            201757,
            201758,
            201759,
            201760,
            201761,
            201762,
            201763,
            201764,
            201765,
            201766,
            201767,
            201768,
            201769,
            201770,
            201771,
            201772,
            201773,
            201774,
            201775,
            201776,
            201777,
            201778,
            201779,
            201780,
            201781,
            201782,
            201783,
            201784,
            201785,
            201786,
            201787,
            201788,
            201789,
            201790,
            201791,
            201792,
            201793,
            201794,
            201795,
            201796,
            201797,
            201798,
            201799,
            201800,
            201801,
            201802,
            201803,
            201804,
            201805,
            201806,
            201807,
            201808,
            201809,
            201810,
            201811,
            201812,
            201813,
            201814,
            201815,
            201816,
            201817,
            201818,
            201819,
            201820,
            201821,
            201822,
            201823,
            201824,
            201825,
            201826,
            201827,
            201828,
            201829,
            201830,
            201831,
            201832,
            201833,
            201834,
            201835,
            201836,
            201837,
            201838,
            201839,
            201840,
            201841,
            201842,
            201843,
            201844,
            201845,
            201846,
            201847,
            201848,
            201849,
            201850,
            201851,
            201852,
            201853,
            201854,
            201855,
            201856,
            201857,
            201858,
            201859,
            201860,
            201861,
            201862,
            201863,
            201864,
            201865,
            201866,
            201867,
            201868,
            201869,
            201870,
            201871,
            201872,
            201873,
            201874,
            201875,
            201876,
            201877,
            201878,
            201879,
            201880,
            201881,
            201882,
            201883,
            201884,
            201885,
            201886,
            201887,
            201888,
            201889,
            201890,
            201891,
            201892,
            201893,
            201894,
            201895,
            201896,
            201897,
            201898,
            201899,
            201900,
            201901,
            201902,
            201903,
            201904,
            201905,
            201906,
            201907,
            201908,
            201909,
            201910,
            201911,
            201912,
            201913,
            201914,
            201915,
            201916,
            201917,
            201918,
            201919,
            201920,
            201921,
            201922,
            201923,
            201924,
            201925,
            201926,
            201927,
            201928,
            201929,
            201930,
            201931,
            201932,
            201933,
            201934,
            201935,
            201936,
            201937,
            201938,
            201939,
            201940,
            201941,
            201942,
            201943,
            201944,
            201945,
            201946,
            201947,
            201948,
            201949,
            201950,
            201951,
            201952,
            201953,
            201954,
            201955,
            201956,
            201957,
            201958,
            201959,
            201960,
            201961,
            201962,
            201963,
            201964,
            201965,
            201966,
            201967,
            201968,
            201969,
            201970,
            201971,
            201972,
            201973,
            201974,
            201975,
            201976,
            201977,
            201978,
            201979,
            201980,
            201981,
            201982,
            201983,
            201984,
            201985,
            201986,
            201987,
            201988,
            201989,
            201990,
            201991,
            201992,
            201993,
            201994,
            201995,
            201996,
            201997,
            201998,
            201999,
            202000,
            202001,
            202002,
            202003,
            202004,
            202005,
            202006,
            202007,
            202008,
            202009,
            202010,
            202011,
            202012,
            202013,
            202014,
            202015,
            202016,
            202017,
            202018,
            202019,
            202020,
            202021,
            202022,
            202023,
            202024,
            202025,
            202026,
            202027,
            202028,
            202029,
            202030,
            202031,
            202032,
            202033,
            202034,
            202035,
            202036,
            202037,
            202038,
            202039,
            202040,
            202041,
            202042,
            202043,
            202044,
            202045,
            202046,
            202047,
            202048,
            202049,
            202050,
            202051,
            202052,
            202053,
            202054,
            202055,
            202056,
            202057,
            202058,
            202059,
            202060,
            202061,
            202062,
            202063,
            202064,
            202065,
            202066,
            202067,
            202068,
            202069,
            202070,
            202071,
            202072,
            202073,
            202074,
            202075,
            202076,
            202077,
            202078,
            202079,
            202080,
            202081,
            202082,
            202083,
            202084,
            202085,
            202086,
            202087,
            202088,
            202089,
            202090,
            202091,
            202092,
            202093,
            202094,
            202095,
            202096,
            202097,
            202098,
            202099,
            202100,
            202101,
            202102,
            202103,
            202104,
            202105,
            202106,
            202107,
            202108,
            202109,
            202110,
            202111,
            202112,
            202113,
            202114,
            202115,
            202116,
            202117,
            202118,
            202119,
            202120,
            202121,
            202122,
            202123,
            202124,
            202125,
            202126,
            202127,
            202128,
            202129,
            202130,
            202131,
            202132,
            202133,
            202134,
            202135,
            202136,
            202137,
            202138,
            202139,
            202140,
            202141,
            202142,
            202143,
            202144,
            202145,
            202146,
            202147,
            202148,
            202149,
            202150,
            202151,
            202152,
            202153,
            202154,
            202155,
            202156,
            202157,
            202158,
            202159,
            202160,
            202161,
            202162,
            202163,
            202164,
            202165,
            202166,
            202167,
            202168,
            202169,
            202170,
            202171,
            202172,
            202173,
            202174,
            202175,
            202176,
            202177,
            202178,
            202179,
            202180,
            202181,
            202182,
            202183,
            202184,
            202185,
            202186,
            202187,
            202188,
            202189,
            202190,
            202191,
            202192,
            202193,
            202194,
            202195,
            202196,
            202197,
            202198,
            202199,
            202200,
            202201,
            202202,
            202203,
            202204,
            202205,
            202206,
            202207,
            202208,
            202209,
            202210,
            202211,
            202212,
            202213,
            202214,
            202215,
            202216,
            202217,
            202218,
            202219,
            202220,
            202221,
            202222,
            202223,
            202224,
            202225,
            202226,
            202227,
            202228,
            202229,
            202230,
            202231,
            202232,
            202233
          ]
        },
        "metric_directions": {
          "FID": "lower_is_better",
          "Intra-LPIPS": "higher_is_better",
          "KID": "lower_is_better",
          "MMD": "lower_is_better"
        },
        "metric_feature_extractor": "inception",
        "model_type": "sd_lora",
        "real_reference_path": "/project/6109890/bacobax2/ir-generative-study/data/derived/bigearthnet_s2_b08_5x5_stride3/images/validation",
        "run_dir": "/project/6109890/bacobax2/ir-generative-study/artifacts/checkpoints/stable_diffusion/lora_runs/bigearthnet_s2_b08_5x5_stride3_sd15_lora_stage1_r8_train_5100",
        "run_identifier": "bigearthnet_s2_b08_5x5_stride3_sd15_lora_stage1_r8_train_5100",
        "sampler_name": null,
        "selected_checkpoint_identifier": "step_001600",
        "selected_checkpoint_path": "/project/6109890/bacobax2/ir-generative-study/artifacts/checkpoints/stable_diffusion/lora_runs/bigearthnet_s2_b08_5x5_stride3_sd15_lora_stage1_r8_train_5100/checkpoint-1600",
        "selection_reason": "lowest KID on combined 1000-image stage1+stage2 set",
        "stage1_generated_image_folder": "/scratch/bacobax2/bigearthnet_s2_b08_5x5_stride3_stage1_checkpoint_selection_single_runs/bigearthnet_s2_b08_5x5_stride3_sd15_lora_stage1_r8_train_5100/step_001600/stage1/generated_npy_images",
        "stage2_generated_image_folder": "/scratch/bacobax2/bigearthnet_s2_b08_5x5_stride3_stage1_checkpoint_selection_single_runs/bigearthnet_s2_b08_5x5_stride3_sd15_lora_stage1_r8_train_5100/step_001600/stage2/generated_npy_images",
        "stage3_generated_image_folder": "/scratch/bacobax2/bigearthnet_s2_b08_5x5_stride3_stage1_checkpoint_selection_single_runs/bigearthnet_s2_b08_5x5_stride3_sd15_lora_stage1_r8_train_5100/step_001600/stage3/generated_npy_images",
        "timestamp": "2026-06-01T02:31:18.898610+00:00",
        "total_generated_images": 2000
      },
      "final_selected_checkpoint": "step_001600",
      "output_dir": "/scratch/bacobax2/bigearthnet_s2_b08_5x5_stride3_stage1_checkpoint_selection_single_runs/bigearthnet_s2_b08_5x5_stride3_sd15_lora_stage1_r8_train_5100",
      "run_identifier": "bigearthnet_s2_b08_5x5_stride3_sd15_lora_stage1_r8_train_5100",
      "selected_top_3_checkpoints": [
        "step_001600",
        "step_006400",
        "step_004800"
      ],
      "stage_1_full_ranking": [
        {
          "FID": 128.38542899269123,
          "KID": 0.03595940342119373,
          "checkpoint_identifier": "step_001600",
          "checkpoint_path": "/project/6109890/bacobax2/ir-generative-study/artifacts/checkpoints/stable_diffusion/lora_runs/bigearthnet_s2_b08_5x5_stride3_sd15_lora_stage1_r8_train_5100/checkpoint-1600",
          "fid_weight": 0.2,
          "generated_image_folder": "/scratch/bacobax2/bigearthnet_s2_b08_5x5_stride3_stage1_checkpoint_selection_single_runs/bigearthnet_s2_b08_5x5_stride3_sd15_lora_stage1_r8_train_5100/step_001600/stage1/generated_npy_images",
          "generation_backend_used": "diffusers_stable_diffusion_lora",
          "generation_seed_list": [
            1234,
            1235,
            1236,
            1237,
            1238,
            1239,
            1240,
            1241,
            1242,
            1243,
            1244,
            1245,
            1246,
            1247,
            1248,
            1249,
            1250,
            1251,
            1252,
            1253,
            1254,
            1255,
            1256,
            1257,
            1258,
            1259,
            1260,
            1261,
            1262,
            1263,
            1264,
            1265,
            1266,
            1267,
            1268,
            1269,
            1270,
            1271,
            1272,
            1273,
            1274,
            1275,
            1276,
            1277,
            1278,
            1279,
            1280,
            1281,
            1282,
            1283,
            1284,
            1285,
            1286,
            1287,
            1288,
            1289,
            1290,
            1291,
            1292,
            1293,
            1294,
            1295,
            1296,
            1297,
            1298,
            1299,
            1300,
            1301,
            1302,
            1303,
            1304,
            1305,
            1306,
            1307,
            1308,
            1309,
            1310,
            1311,
            1312,
            1313,
            1314,
            1315,
            1316,
            1317,
            1318,
            1319,
            1320,
            1321,
            1322,
            1323,
            1324,
            1325,
            1326,
            1327,
            1328,
            1329,
            1330,
            1331,
            1332,
            1333,
            1334,
            1335,
            1336,
            1337,
            1338,
            1339,
            1340,
            1341,
            1342,
            1343,
            1344,
            1345,
            1346,
            1347,
            1348,
            1349,
            1350,
            1351,
            1352,
            1353,
            1354,
            1355,
            1356,
            1357,
            1358,
            1359,
            1360,
            1361,
            1362,
            1363,
            1364,
            1365,
            1366,
            1367,
            1368,
            1369,
            1370,
            1371,
            1372,
            1373,
            1374,
            1375,
            1376,
            1377,
            1378,
            1379,
            1380,
            1381,
            1382,
            1383,
            1384,
            1385,
            1386,
            1387,
            1388,
            1389,
            1390,
            1391,
            1392,
            1393,
            1394,
            1395,
            1396,
            1397,
            1398,
            1399,
            1400,
            1401,
            1402,
            1403,
            1404,
            1405,
            1406,
            1407,
            1408,
            1409,
            1410,
            1411,
            1412,
            1413,
            1414,
            1415,
            1416,
            1417,
            1418,
            1419,
            1420,
            1421,
            1422,
            1423,
            1424,
            1425,
            1426,
            1427,
            1428,
            1429,
            1430,
            1431,
            1432,
            1433
          ],
          "generation_seed_start": 1234,
          "kid_weight": 0.8,
          "metric_feature_extractor": "inception",
          "model_type": "sd_lora",
          "normalized_FID": 0.0,
          "normalized_KID": 0.0,
          "num_generated_images": 200,
          "rank": 1,
          "real_reference_path": "/project/6109890/bacobax2/ir-generative-study/data/derived/bigearthnet_s2_b08_5x5_stride3/images/validation",
          "run_dir": "/project/6109890/bacobax2/ir-generative-study/artifacts/checkpoints/stable_diffusion/lora_runs/bigearthnet_s2_b08_5x5_stride3_sd15_lora_stage1_r8_train_5100",
          "run_identifier": "bigearthnet_s2_b08_5x5_stride3_sd15_lora_stage1_r8_train_5100",
          "sampler_name": null,
          "selection_score": 0.0,
          "timestamp": "2026-06-01T00:48:30.010584+00:00"
        },
        {
          "FID": 134.95354855685883,
          "KID": 0.045830465072960624,
          "checkpoint_identifier": "step_006400",
          "checkpoint_path": "/project/6109890/bacobax2/ir-generative-study/artifacts/checkpoints/stable_diffusion/lora_runs/bigearthnet_s2_b08_5x5_stride3_sd15_lora_stage1_r8_train_5100/checkpoint-6400",
          "fid_weight": 0.2,
          "generated_image_folder": "/scratch/bacobax2/bigearthnet_s2_b08_5x5_stride3_stage1_checkpoint_selection_single_runs/bigearthnet_s2_b08_5x5_stride3_sd15_lora_stage1_r8_train_5100/step_006400/stage1/generated_npy_images",
          "generation_backend_used": "diffusers_stable_diffusion_lora",
          "generation_seed_list": [
            1234,
            1235,
            1236,
            1237,
            1238,
            1239,
            1240,
            1241,
            1242,
            1243,
            1244,
            1245,
            1246,
            1247,
            1248,
            1249,
            1250,
            1251,
            1252,
            1253,
            1254,
            1255,
            1256,
            1257,
            1258,
            1259,
            1260,
            1261,
            1262,
            1263,
            1264,
            1265,
            1266,
            1267,
            1268,
            1269,
            1270,
            1271,
            1272,
            1273,
            1274,
            1275,
            1276,
            1277,
            1278,
            1279,
            1280,
            1281,
            1282,
            1283,
            1284,
            1285,
            1286,
            1287,
            1288,
            1289,
            1290,
            1291,
            1292,
            1293,
            1294,
            1295,
            1296,
            1297,
            1298,
            1299,
            1300,
            1301,
            1302,
            1303,
            1304,
            1305,
            1306,
            1307,
            1308,
            1309,
            1310,
            1311,
            1312,
            1313,
            1314,
            1315,
            1316,
            1317,
            1318,
            1319,
            1320,
            1321,
            1322,
            1323,
            1324,
            1325,
            1326,
            1327,
            1328,
            1329,
            1330,
            1331,
            1332,
            1333,
            1334,
            1335,
            1336,
            1337,
            1338,
            1339,
            1340,
            1341,
            1342,
            1343,
            1344,
            1345,
            1346,
            1347,
            1348,
            1349,
            1350,
            1351,
            1352,
            1353,
            1354,
            1355,
            1356,
            1357,
            1358,
            1359,
            1360,
            1361,
            1362,
            1363,
            1364,
            1365,
            1366,
            1367,
            1368,
            1369,
            1370,
            1371,
            1372,
            1373,
            1374,
            1375,
            1376,
            1377,
            1378,
            1379,
            1380,
            1381,
            1382,
            1383,
            1384,
            1385,
            1386,
            1387,
            1388,
            1389,
            1390,
            1391,
            1392,
            1393,
            1394,
            1395,
            1396,
            1397,
            1398,
            1399,
            1400,
            1401,
            1402,
            1403,
            1404,
            1405,
            1406,
            1407,
            1408,
            1409,
            1410,
            1411,
            1412,
            1413,
            1414,
            1415,
            1416,
            1417,
            1418,
            1419,
            1420,
            1421,
            1422,
            1423,
            1424,
            1425,
            1426,
            1427,
            1428,
            1429,
            1430,
            1431,
            1432,
            1433
          ],
          "generation_seed_start": 1234,
          "kid_weight": 0.8,
          "metric_feature_extractor": "inception",
          "model_type": "sd_lora",
          "normalized_FID": 0.2963912464979767,
          "normalized_KID": 0.2897921176268794,
          "num_generated_images": 200,
          "rank": 2,
          "real_reference_path": "/project/6109890/bacobax2/ir-generative-study/data/derived/bigearthnet_s2_b08_5x5_stride3/images/validation",
          "run_dir": "/project/6109890/bacobax2/ir-generative-study/artifacts/checkpoints/stable_diffusion/lora_runs/bigearthnet_s2_b08_5x5_stride3_sd15_lora_stage1_r8_train_5100",
          "run_identifier": "bigearthnet_s2_b08_5x5_stride3_sd15_lora_stage1_r8_train_5100",
          "sampler_name": null,
          "selection_score": 0.29111194340109886,
          "timestamp": "2026-06-01T01:06:44.700401+00:00"
        },
        {
          "FID": 139.04487624421785,
          "KID": 0.049488885040520396,
          "checkpoint_identifier": "step_004800",
          "checkpoint_path": "/project/6109890/bacobax2/ir-generative-study/artifacts/checkpoints/stable_diffusion/lora_runs/bigearthnet_s2_b08_5x5_stride3_sd15_lora_stage1_r8_train_5100/checkpoint-4800",
          "fid_weight": 0.2,
          "generated_image_folder": "/scratch/bacobax2/bigearthnet_s2_b08_5x5_stride3_stage1_checkpoint_selection_single_runs/bigearthnet_s2_b08_5x5_stride3_sd15_lora_stage1_r8_train_5100/step_004800/stage1/generated_npy_images",
          "generation_backend_used": "diffusers_stable_diffusion_lora",
          "generation_seed_list": [
            1234,
            1235,
            1236,
            1237,
            1238,
            1239,
            1240,
            1241,
            1242,
            1243,
            1244,
            1245,
            1246,
            1247,
            1248,
            1249,
            1250,
            1251,
            1252,
            1253,
            1254,
            1255,
            1256,
            1257,
            1258,
            1259,
            1260,
            1261,
            1262,
            1263,
            1264,
            1265,
            1266,
            1267,
            1268,
            1269,
            1270,
            1271,
            1272,
            1273,
            1274,
            1275,
            1276,
            1277,
            1278,
            1279,
            1280,
            1281,
            1282,
            1283,
            1284,
            1285,
            1286,
            1287,
            1288,
            1289,
            1290,
            1291,
            1292,
            1293,
            1294,
            1295,
            1296,
            1297,
            1298,
            1299,
            1300,
            1301,
            1302,
            1303,
            1304,
            1305,
            1306,
            1307,
            1308,
            1309,
            1310,
            1311,
            1312,
            1313,
            1314,
            1315,
            1316,
            1317,
            1318,
            1319,
            1320,
            1321,
            1322,
            1323,
            1324,
            1325,
            1326,
            1327,
            1328,
            1329,
            1330,
            1331,
            1332,
            1333,
            1334,
            1335,
            1336,
            1337,
            1338,
            1339,
            1340,
            1341,
            1342,
            1343,
            1344,
            1345,
            1346,
            1347,
            1348,
            1349,
            1350,
            1351,
            1352,
            1353,
            1354,
            1355,
            1356,
            1357,
            1358,
            1359,
            1360,
            1361,
            1362,
            1363,
            1364,
            1365,
            1366,
            1367,
            1368,
            1369,
            1370,
            1371,
            1372,
            1373,
            1374,
            1375,
            1376,
            1377,
            1378,
            1379,
            1380,
            1381,
            1382,
            1383,
            1384,
            1385,
            1386,
            1387,
            1388,
            1389,
            1390,
            1391,
            1392,
            1393,
            1394,
            1395,
            1396,
            1397,
            1398,
            1399,
            1400,
            1401,
            1402,
            1403,
            1404,
            1405,
            1406,
            1407,
            1408,
            1409,
            1410,
            1411,
            1412,
            1413,
            1414,
            1415,
            1416,
            1417,
            1418,
            1419,
            1420,
            1421,
            1422,
            1423,
            1424,
            1425,
            1426,
            1427,
            1428,
            1429,
            1430,
            1431,
            1432,
            1433
          ],
          "generation_seed_start": 1234,
          "kid_weight": 0.8,
          "metric_feature_extractor": "inception",
          "model_type": "sd_lora",
          "normalized_FID": 0.48101543021466014,
          "normalized_KID": 0.39719508064837317,
          "num_generated_images": 200,
          "rank": 3,
          "real_reference_path": "/project/6109890/bacobax2/ir-generative-study/data/derived/bigearthnet_s2_b08_5x5_stride3/images/validation",
          "run_dir": "/project/6109890/bacobax2/ir-generative-study/artifacts/checkpoints/stable_diffusion/lora_runs/bigearthnet_s2_b08_5x5_stride3_sd15_lora_stage1_r8_train_5100",
          "run_identifier": "bigearthnet_s2_b08_5x5_stride3_sd15_lora_stage1_r8_train_5100",
          "sampler_name": null,
          "selection_score": 0.4139591505616306,
          "timestamp": "2026-06-01T01:02:11.140744+00:00"
        },
        {
          "FID": 142.46954229812377,
          "KID": 0.05174965465283833,
          "checkpoint_identifier": "step_003200",
          "checkpoint_path": "/project/6109890/bacobax2/ir-generative-study/artifacts/checkpoints/stable_diffusion/lora_runs/bigearthnet_s2_b08_5x5_stride3_sd15_lora_stage1_r8_train_5100/checkpoint-3200",
          "fid_weight": 0.2,
          "generated_image_folder": "/scratch/bacobax2/bigearthnet_s2_b08_5x5_stride3_stage1_checkpoint_selection_single_runs/bigearthnet_s2_b08_5x5_stride3_sd15_lora_stage1_r8_train_5100/step_003200/stage1/generated_npy_images",
          "generation_backend_used": "diffusers_stable_diffusion_lora",
          "generation_seed_list": [
            1234,
            1235,
            1236,
            1237,
            1238,
            1239,
            1240,
            1241,
            1242,
            1243,
            1244,
            1245,
            1246,
            1247,
            1248,
            1249,
            1250,
            1251,
            1252,
            1253,
            1254,
            1255,
            1256,
            1257,
            1258,
            1259,
            1260,
            1261,
            1262,
            1263,
            1264,
            1265,
            1266,
            1267,
            1268,
            1269,
            1270,
            1271,
            1272,
            1273,
            1274,
            1275,
            1276,
            1277,
            1278,
            1279,
            1280,
            1281,
            1282,
            1283,
            1284,
            1285,
            1286,
            1287,
            1288,
            1289,
            1290,
            1291,
            1292,
            1293,
            1294,
            1295,
            1296,
            1297,
            1298,
            1299,
            1300,
            1301,
            1302,
            1303,
            1304,
            1305,
            1306,
            1307,
            1308,
            1309,
            1310,
            1311,
            1312,
            1313,
            1314,
            1315,
            1316,
            1317,
            1318,
            1319,
            1320,
            1321,
            1322,
            1323,
            1324,
            1325,
            1326,
            1327,
            1328,
            1329,
            1330,
            1331,
            1332,
            1333,
            1334,
            1335,
            1336,
            1337,
            1338,
            1339,
            1340,
            1341,
            1342,
            1343,
            1344,
            1345,
            1346,
            1347,
            1348,
            1349,
            1350,
            1351,
            1352,
            1353,
            1354,
            1355,
            1356,
            1357,
            1358,
            1359,
            1360,
            1361,
            1362,
            1363,
            1364,
            1365,
            1366,
            1367,
            1368,
            1369,
            1370,
            1371,
            1372,
            1373,
            1374,
            1375,
            1376,
            1377,
            1378,
            1379,
            1380,
            1381,
            1382,
            1383,
            1384,
            1385,
            1386,
            1387,
            1388,
            1389,
            1390,
            1391,
            1392,
            1393,
            1394,
            1395,
            1396,
            1397,
            1398,
            1399,
            1400,
            1401,
            1402,
            1403,
            1404,
            1405,
            1406,
            1407,
            1408,
            1409,
            1410,
            1411,
            1412,
            1413,
            1414,
            1415,
            1416,
            1417,
            1418,
            1419,
            1420,
            1421,
            1422,
            1423,
            1424,
            1425,
            1426,
            1427,
            1428,
            1429,
            1430,
            1431,
            1432,
            1433
          ],
          "generation_seed_start": 1234,
          "kid_weight": 0.8,
          "metric_feature_extractor": "inception",
          "model_type": "sd_lora",
          "normalized_FID": 0.6355560153303824,
          "normalized_KID": 0.46356617998223687,
          "num_generated_images": 200,
          "rank": 4,
          "real_reference_path": "/project/6109890/bacobax2/ir-generative-study/data/derived/bigearthnet_s2_b08_5x5_stride3/images/validation",
          "run_dir": "/project/6109890/bacobax2/ir-generative-study/artifacts/checkpoints/stable_diffusion/lora_runs/bigearthnet_s2_b08_5x5_stride3_sd15_lora_stage1_r8_train_5100",
          "run_identifier": "bigearthnet_s2_b08_5x5_stride3_sd15_lora_stage1_r8_train_5100",
          "sampler_name": null,
          "selection_score": 0.497964147051866,
          "timestamp": "2026-06-01T00:57:37.127748+00:00"
        },
        {
          "FID": 142.53627814275643,
          "KID": 0.05542598344730441,
          "checkpoint_identifier": "step_012800",
          "checkpoint_path": "/project/6109890/bacobax2/ir-generative-study/artifacts/checkpoints/stable_diffusion/lora_runs/bigearthnet_s2_b08_5x5_stride3_sd15_lora_stage1_r8_train_5100/checkpoint-12800",
          "fid_weight": 0.2,
          "generated_image_folder": "/scratch/bacobax2/bigearthnet_s2_b08_5x5_stride3_stage1_checkpoint_selection_single_runs/bigearthnet_s2_b08_5x5_stride3_sd15_lora_stage1_r8_train_5100/step_012800/stage1/generated_npy_images",
          "generation_backend_used": "diffusers_stable_diffusion_lora",
          "generation_seed_list": [
            1234,
            1235,
            1236,
            1237,
            1238,
            1239,
            1240,
            1241,
            1242,
            1243,
            1244,
            1245,
            1246,
            1247,
            1248,
            1249,
            1250,
            1251,
            1252,
            1253,
            1254,
            1255,
            1256,
            1257,
            1258,
            1259,
            1260,
            1261,
            1262,
            1263,
            1264,
            1265,
            1266,
            1267,
            1268,
            1269,
            1270,
            1271,
            1272,
            1273,
            1274,
            1275,
            1276,
            1277,
            1278,
            1279,
            1280,
            1281,
            1282,
            1283,
            1284,
            1285,
            1286,
            1287,
            1288,
            1289,
            1290,
            1291,
            1292,
            1293,
            1294,
            1295,
            1296,
            1297,
            1298,
            1299,
            1300,
            1301,
            1302,
            1303,
            1304,
            1305,
            1306,
            1307,
            1308,
            1309,
            1310,
            1311,
            1312,
            1313,
            1314,
            1315,
            1316,
            1317,
            1318,
            1319,
            1320,
            1321,
            1322,
            1323,
            1324,
            1325,
            1326,
            1327,
            1328,
            1329,
            1330,
            1331,
            1332,
            1333,
            1334,
            1335,
            1336,
            1337,
            1338,
            1339,
            1340,
            1341,
            1342,
            1343,
            1344,
            1345,
            1346,
            1347,
            1348,
            1349,
            1350,
            1351,
            1352,
            1353,
            1354,
            1355,
            1356,
            1357,
            1358,
            1359,
            1360,
            1361,
            1362,
            1363,
            1364,
            1365,
            1366,
            1367,
            1368,
            1369,
            1370,
            1371,
            1372,
            1373,
            1374,
            1375,
            1376,
            1377,
            1378,
            1379,
            1380,
            1381,
            1382,
            1383,
            1384,
            1385,
            1386,
            1387,
            1388,
            1389,
            1390,
            1391,
            1392,
            1393,
            1394,
            1395,
            1396,
            1397,
            1398,
            1399,
            1400,
            1401,
            1402,
            1403,
            1404,
            1405,
            1406,
            1407,
            1408,
            1409,
            1410,
            1411,
            1412,
            1413,
            1414,
            1415,
            1416,
            1417,
            1418,
            1419,
            1420,
            1421,
            1422,
            1423,
            1424,
            1425,
            1426,
            1427,
            1428,
            1429,
            1430,
            1431,
            1432,
            1433
          ],
          "generation_seed_start": 1234,
          "kid_weight": 0.8,
          "metric_feature_extractor": "inception",
          "model_type": "sd_lora",
          "normalized_FID": 0.6385675196100363,
          "normalized_KID": 0.5714949057895868,
          "num_generated_images": 200,
          "rank": 5,
          "real_reference_path": "/project/6109890/bacobax2/ir-generative-study/data/derived/bigearthnet_s2_b08_5x5_stride3/images/validation",
          "run_dir": "/project/6109890/bacobax2/ir-generative-study/artifacts/checkpoints/stable_diffusion/lora_runs/bigearthnet_s2_b08_5x5_stride3_sd15_lora_stage1_r8_train_5100",
          "run_identifier": "bigearthnet_s2_b08_5x5_stride3_sd15_lora_stage1_r8_train_5100",
          "sampler_name": null,
          "selection_score": 0.5849094285536768,
          "timestamp": "2026-06-01T00:39:24.001686+00:00"
        },
        {
          "FID": 141.98443430505927,
          "KID": 0.057582465065056716,
          "checkpoint_identifier": "step_009600",
          "checkpoint_path": "/project/6109890/bacobax2/ir-generative-study/artifacts/checkpoints/stable_diffusion/lora_runs/bigearthnet_s2_b08_5x5_stride3_sd15_lora_stage1_r8_train_5100/checkpoint-9600",
          "fid_weight": 0.2,
          "generated_image_folder": "/scratch/bacobax2/bigearthnet_s2_b08_5x5_stride3_stage1_checkpoint_selection_single_runs/bigearthnet_s2_b08_5x5_stride3_sd15_lora_stage1_r8_train_5100/step_009600/stage1/generated_npy_images",
          "generation_backend_used": "diffusers_stable_diffusion_lora",
          "generation_seed_list": [
            1234,
            1235,
            1236,
            1237,
            1238,
            1239,
            1240,
            1241,
            1242,
            1243,
            1244,
            1245,
            1246,
            1247,
            1248,
            1249,
            1250,
            1251,
            1252,
            1253,
            1254,
            1255,
            1256,
            1257,
            1258,
            1259,
            1260,
            1261,
            1262,
            1263,
            1264,
            1265,
            1266,
            1267,
            1268,
            1269,
            1270,
            1271,
            1272,
            1273,
            1274,
            1275,
            1276,
            1277,
            1278,
            1279,
            1280,
            1281,
            1282,
            1283,
            1284,
            1285,
            1286,
            1287,
            1288,
            1289,
            1290,
            1291,
            1292,
            1293,
            1294,
            1295,
            1296,
            1297,
            1298,
            1299,
            1300,
            1301,
            1302,
            1303,
            1304,
            1305,
            1306,
            1307,
            1308,
            1309,
            1310,
            1311,
            1312,
            1313,
            1314,
            1315,
            1316,
            1317,
            1318,
            1319,
            1320,
            1321,
            1322,
            1323,
            1324,
            1325,
            1326,
            1327,
            1328,
            1329,
            1330,
            1331,
            1332,
            1333,
            1334,
            1335,
            1336,
            1337,
            1338,
            1339,
            1340,
            1341,
            1342,
            1343,
            1344,
            1345,
            1346,
            1347,
            1348,
            1349,
            1350,
            1351,
            1352,
            1353,
            1354,
            1355,
            1356,
            1357,
            1358,
            1359,
            1360,
            1361,
            1362,
            1363,
            1364,
            1365,
            1366,
            1367,
            1368,
            1369,
            1370,
            1371,
            1372,
            1373,
            1374,
            1375,
            1376,
            1377,
            1378,
            1379,
            1380,
            1381,
            1382,
            1383,
            1384,
            1385,
            1386,
            1387,
            1388,
            1389,
            1390,
            1391,
            1392,
            1393,
            1394,
            1395,
            1396,
            1397,
            1398,
            1399,
            1400,
            1401,
            1402,
            1403,
            1404,
            1405,
            1406,
            1407,
            1408,
            1409,
            1410,
            1411,
            1412,
            1413,
            1414,
            1415,
            1416,
            1417,
            1418,
            1419,
            1420,
            1421,
            1422,
            1423,
            1424,
            1425,
            1426,
            1427,
            1428,
            1429,
            1430,
            1431,
            1432,
            1433
          ],
          "generation_seed_start": 1234,
          "kid_weight": 0.8,
          "metric_feature_extractor": "inception",
          "model_type": "sd_lora",
          "normalized_FID": 0.6136651588461427,
          "normalized_KID": 0.6348043447008532,
          "num_generated_images": 200,
          "rank": 6,
          "real_reference_path": "/project/6109890/bacobax2/ir-generative-study/data/derived/bigearthnet_s2_b08_5x5_stride3/images/validation",
          "run_dir": "/project/6109890/bacobax2/ir-generative-study/artifacts/checkpoints/stable_diffusion/lora_runs/bigearthnet_s2_b08_5x5_stride3_sd15_lora_stage1_r8_train_5100",
          "run_identifier": "bigearthnet_s2_b08_5x5_stride3_sd15_lora_stage1_r8_train_5100",
          "sampler_name": null,
          "selection_score": 0.6305765075299111,
          "timestamp": "2026-06-01T01:15:53.645739+00:00"
        },
        {
          "FID": 145.16505990052235,
          "KID": 0.062436448362961826,
          "checkpoint_identifier": "step_011200",
          "checkpoint_path": "/project/6109890/bacobax2/ir-generative-study/artifacts/checkpoints/stable_diffusion/lora_runs/bigearthnet_s2_b08_5x5_stride3_sd15_lora_stage1_r8_train_5100/checkpoint-11200",
          "fid_weight": 0.2,
          "generated_image_folder": "/scratch/bacobax2/bigearthnet_s2_b08_5x5_stride3_stage1_checkpoint_selection_single_runs/bigearthnet_s2_b08_5x5_stride3_sd15_lora_stage1_r8_train_5100/step_011200/stage1/generated_npy_images",
          "generation_backend_used": "diffusers_stable_diffusion_lora",
          "generation_seed_list": [
            1234,
            1235,
            1236,
            1237,
            1238,
            1239,
            1240,
            1241,
            1242,
            1243,
            1244,
            1245,
            1246,
            1247,
            1248,
            1249,
            1250,
            1251,
            1252,
            1253,
            1254,
            1255,
            1256,
            1257,
            1258,
            1259,
            1260,
            1261,
            1262,
            1263,
            1264,
            1265,
            1266,
            1267,
            1268,
            1269,
            1270,
            1271,
            1272,
            1273,
            1274,
            1275,
            1276,
            1277,
            1278,
            1279,
            1280,
            1281,
            1282,
            1283,
            1284,
            1285,
            1286,
            1287,
            1288,
            1289,
            1290,
            1291,
            1292,
            1293,
            1294,
            1295,
            1296,
            1297,
            1298,
            1299,
            1300,
            1301,
            1302,
            1303,
            1304,
            1305,
            1306,
            1307,
            1308,
            1309,
            1310,
            1311,
            1312,
            1313,
            1314,
            1315,
            1316,
            1317,
            1318,
            1319,
            1320,
            1321,
            1322,
            1323,
            1324,
            1325,
            1326,
            1327,
            1328,
            1329,
            1330,
            1331,
            1332,
            1333,
            1334,
            1335,
            1336,
            1337,
            1338,
            1339,
            1340,
            1341,
            1342,
            1343,
            1344,
            1345,
            1346,
            1347,
            1348,
            1349,
            1350,
            1351,
            1352,
            1353,
            1354,
            1355,
            1356,
            1357,
            1358,
            1359,
            1360,
            1361,
            1362,
            1363,
            1364,
            1365,
            1366,
            1367,
            1368,
            1369,
            1370,
            1371,
            1372,
            1373,
            1374,
            1375,
            1376,
            1377,
            1378,
            1379,
            1380,
            1381,
            1382,
            1383,
            1384,
            1385,
            1386,
            1387,
            1388,
            1389,
            1390,
            1391,
            1392,
            1393,
            1394,
            1395,
            1396,
            1397,
            1398,
            1399,
            1400,
            1401,
            1402,
            1403,
            1404,
            1405,
            1406,
            1407,
            1408,
            1409,
            1410,
            1411,
            1412,
            1413,
            1414,
            1415,
            1416,
            1417,
            1418,
            1419,
            1420,
            1421,
            1422,
            1423,
            1424,
            1425,
            1426,
            1427,
            1428,
            1429,
            1430,
            1431,
            1432,
            1433
          ],
          "generation_seed_start": 1234,
          "kid_weight": 0.8,
          "metric_feature_extractor": "inception",
          "model_type": "sd_lora",
          "normalized_FID": 0.75719323802814,
          "normalized_KID": 0.7773063519265541,
          "num_generated_images": 200,
          "rank": 7,
          "real_reference_path": "/project/6109890/bacobax2/ir-generative-study/data/derived/bigearthnet_s2_b08_5x5_stride3/images/validation",
          "run_dir": "/project/6109890/bacobax2/ir-generative-study/artifacts/checkpoints/stable_diffusion/lora_runs/bigearthnet_s2_b08_5x5_stride3_sd15_lora_stage1_r8_train_5100",
          "run_identifier": "bigearthnet_s2_b08_5x5_stride3_sd15_lora_stage1_r8_train_5100",
          "sampler_name": null,
          "selection_score": 0.7732837291468713,
          "timestamp": "2026-06-01T00:34:46.635729+00:00"
        },
        {
          "FID": 145.7562416521332,
          "KID": 0.06229576538060606,
          "checkpoint_identifier": "step_016000",
          "checkpoint_path": "/project/6109890/bacobax2/ir-generative-study/artifacts/checkpoints/stable_diffusion/lora_runs/bigearthnet_s2_b08_5x5_stride3_sd15_lora_stage1_r8_train_5100/checkpoint-16000",
          "fid_weight": 0.2,
          "generated_image_folder": "/scratch/bacobax2/bigearthnet_s2_b08_5x5_stride3_stage1_checkpoint_selection_single_runs/bigearthnet_s2_b08_5x5_stride3_sd15_lora_stage1_r8_train_5100/step_016000/stage1/generated_npy_images",
          "generation_backend_used": "diffusers_stable_diffusion_lora",
          "generation_seed_list": [
            1234,
            1235,
            1236,
            1237,
            1238,
            1239,
            1240,
            1241,
            1242,
            1243,
            1244,
            1245,
            1246,
            1247,
            1248,
            1249,
            1250,
            1251,
            1252,
            1253,
            1254,
            1255,
            1256,
            1257,
            1258,
            1259,
            1260,
            1261,
            1262,
            1263,
            1264,
            1265,
            1266,
            1267,
            1268,
            1269,
            1270,
            1271,
            1272,
            1273,
            1274,
            1275,
            1276,
            1277,
            1278,
            1279,
            1280,
            1281,
            1282,
            1283,
            1284,
            1285,
            1286,
            1287,
            1288,
            1289,
            1290,
            1291,
            1292,
            1293,
            1294,
            1295,
            1296,
            1297,
            1298,
            1299,
            1300,
            1301,
            1302,
            1303,
            1304,
            1305,
            1306,
            1307,
            1308,
            1309,
            1310,
            1311,
            1312,
            1313,
            1314,
            1315,
            1316,
            1317,
            1318,
            1319,
            1320,
            1321,
            1322,
            1323,
            1324,
            1325,
            1326,
            1327,
            1328,
            1329,
            1330,
            1331,
            1332,
            1333,
            1334,
            1335,
            1336,
            1337,
            1338,
            1339,
            1340,
            1341,
            1342,
            1343,
            1344,
            1345,
            1346,
            1347,
            1348,
            1349,
            1350,
            1351,
            1352,
            1353,
            1354,
            1355,
            1356,
            1357,
            1358,
            1359,
            1360,
            1361,
            1362,
            1363,
            1364,
            1365,
            1366,
            1367,
            1368,
            1369,
            1370,
            1371,
            1372,
            1373,
            1374,
            1375,
            1376,
            1377,
            1378,
            1379,
            1380,
            1381,
            1382,
            1383,
            1384,
            1385,
            1386,
            1387,
            1388,
            1389,
            1390,
            1391,
            1392,
            1393,
            1394,
            1395,
            1396,
            1397,
            1398,
            1399,
            1400,
            1401,
            1402,
            1403,
            1404,
            1405,
            1406,
            1407,
            1408,
            1409,
            1410,
            1411,
            1412,
            1413,
            1414,
            1415,
            1416,
            1417,
            1418,
            1419,
            1420,
            1421,
            1422,
            1423,
            1424,
            1425,
            1426,
            1427,
            1428,
            1429,
            1430,
            1431,
            1432,
            1433
          ],
          "generation_seed_start": 1234,
          "kid_weight": 0.8,
          "metric_feature_extractor": "inception",
          "model_type": "sd_lora",
          "normalized_FID": 0.7838707512120837,
          "normalized_KID": 0.7731762167081558,
          "num_generated_images": 200,
          "rank": 8,
          "real_reference_path": "/project/6109890/bacobax2/ir-generative-study/data/derived/bigearthnet_s2_b08_5x5_stride3/images/validation",
          "run_dir": "/project/6109890/bacobax2/ir-generative-study/artifacts/checkpoints/stable_diffusion/lora_runs/bigearthnet_s2_b08_5x5_stride3_sd15_lora_stage1_r8_train_5100",
          "run_identifier": "bigearthnet_s2_b08_5x5_stride3_sd15_lora_stage1_r8_train_5100",
          "sampler_name": null,
          "selection_score": 0.7753151236089415,
          "timestamp": "2026-06-01T00:53:03.481366+00:00"
        },
        {
          "FID": 147.67777674659425,
          "KID": 0.062465883983001874,
          "checkpoint_identifier": "final",
          "checkpoint_path": "/project/6109890/bacobax2/ir-generative-study/artifacts/checkpoints/stable_diffusion/lora_runs/bigearthnet_s2_b08_5x5_stride3_sd15_lora_stage1_r8_train_5100",
          "fid_weight": 0.2,
          "generated_image_folder": "/scratch/bacobax2/bigearthnet_s2_b08_5x5_stride3_stage1_checkpoint_selection_single_runs/bigearthnet_s2_b08_5x5_stride3_sd15_lora_stage1_r8_train_5100/final/stage1/generated_npy_images",
          "generation_backend_used": "diffusers_stable_diffusion_lora",
          "generation_seed_list": [
            1234,
            1235,
            1236,
            1237,
            1238,
            1239,
            1240,
            1241,
            1242,
            1243,
            1244,
            1245,
            1246,
            1247,
            1248,
            1249,
            1250,
            1251,
            1252,
            1253,
            1254,
            1255,
            1256,
            1257,
            1258,
            1259,
            1260,
            1261,
            1262,
            1263,
            1264,
            1265,
            1266,
            1267,
            1268,
            1269,
            1270,
            1271,
            1272,
            1273,
            1274,
            1275,
            1276,
            1277,
            1278,
            1279,
            1280,
            1281,
            1282,
            1283,
            1284,
            1285,
            1286,
            1287,
            1288,
            1289,
            1290,
            1291,
            1292,
            1293,
            1294,
            1295,
            1296,
            1297,
            1298,
            1299,
            1300,
            1301,
            1302,
            1303,
            1304,
            1305,
            1306,
            1307,
            1308,
            1309,
            1310,
            1311,
            1312,
            1313,
            1314,
            1315,
            1316,
            1317,
            1318,
            1319,
            1320,
            1321,
            1322,
            1323,
            1324,
            1325,
            1326,
            1327,
            1328,
            1329,
            1330,
            1331,
            1332,
            1333,
            1334,
            1335,
            1336,
            1337,
            1338,
            1339,
            1340,
            1341,
            1342,
            1343,
            1344,
            1345,
            1346,
            1347,
            1348,
            1349,
            1350,
            1351,
            1352,
            1353,
            1354,
            1355,
            1356,
            1357,
            1358,
            1359,
            1360,
            1361,
            1362,
            1363,
            1364,
            1365,
            1366,
            1367,
            1368,
            1369,
            1370,
            1371,
            1372,
            1373,
            1374,
            1375,
            1376,
            1377,
            1378,
            1379,
            1380,
            1381,
            1382,
            1383,
            1384,
            1385,
            1386,
            1387,
            1388,
            1389,
            1390,
            1391,
            1392,
            1393,
            1394,
            1395,
            1396,
            1397,
            1398,
            1399,
            1400,
            1401,
            1402,
            1403,
            1404,
            1405,
            1406,
            1407,
            1408,
            1409,
            1410,
            1411,
            1412,
            1413,
            1414,
            1415,
            1416,
            1417,
            1418,
            1419,
            1420,
            1421,
            1422,
            1423,
            1424,
            1425,
            1426,
            1427,
            1428,
            1429,
            1430,
            1431,
            1432,
            1433
          ],
          "generation_seed_start": 1234,
          "kid_weight": 0.8,
          "metric_feature_extractor": "inception",
          "model_type": "sd_lora",
          "normalized_FID": 0.8705814415813586,
          "normalized_KID": 0.77817051537381,
          "num_generated_images": 200,
          "rank": 9,
          "real_reference_path": "/project/6109890/bacobax2/ir-generative-study/data/derived/bigearthnet_s2_b08_5x5_stride3/images/validation",
          "run_dir": "/project/6109890/bacobax2/ir-generative-study/artifacts/checkpoints/stable_diffusion/lora_runs/bigearthnet_s2_b08_5x5_stride3_sd15_lora_stage1_r8_train_5100",
          "run_identifier": "bigearthnet_s2_b08_5x5_stride3_sd15_lora_stage1_r8_train_5100",
          "sampler_name": null,
          "selection_score": 0.7966527006153197,
          "timestamp": "2026-06-01T00:30:11.376940+00:00"
        },
        {
          "FID": 150.54573109936103,
          "KID": 0.0656122278120935,
          "checkpoint_identifier": "step_014400",
          "checkpoint_path": "/project/6109890/bacobax2/ir-generative-study/artifacts/checkpoints/stable_diffusion/lora_runs/bigearthnet_s2_b08_5x5_stride3_sd15_lora_stage1_r8_train_5100/checkpoint-14400",
          "fid_weight": 0.2,
          "generated_image_folder": "/scratch/bacobax2/bigearthnet_s2_b08_5x5_stride3_stage1_checkpoint_selection_single_runs/bigearthnet_s2_b08_5x5_stride3_sd15_lora_stage1_r8_train_5100/step_014400/stage1/generated_npy_images",
          "generation_backend_used": "diffusers_stable_diffusion_lora",
          "generation_seed_list": [
            1234,
            1235,
            1236,
            1237,
            1238,
            1239,
            1240,
            1241,
            1242,
            1243,
            1244,
            1245,
            1246,
            1247,
            1248,
            1249,
            1250,
            1251,
            1252,
            1253,
            1254,
            1255,
            1256,
            1257,
            1258,
            1259,
            1260,
            1261,
            1262,
            1263,
            1264,
            1265,
            1266,
            1267,
            1268,
            1269,
            1270,
            1271,
            1272,
            1273,
            1274,
            1275,
            1276,
            1277,
            1278,
            1279,
            1280,
            1281,
            1282,
            1283,
            1284,
            1285,
            1286,
            1287,
            1288,
            1289,
            1290,
            1291,
            1292,
            1293,
            1294,
            1295,
            1296,
            1297,
            1298,
            1299,
            1300,
            1301,
            1302,
            1303,
            1304,
            1305,
            1306,
            1307,
            1308,
            1309,
            1310,
            1311,
            1312,
            1313,
            1314,
            1315,
            1316,
            1317,
            1318,
            1319,
            1320,
            1321,
            1322,
            1323,
            1324,
            1325,
            1326,
            1327,
            1328,
            1329,
            1330,
            1331,
            1332,
            1333,
            1334,
            1335,
            1336,
            1337,
            1338,
            1339,
            1340,
            1341,
            1342,
            1343,
            1344,
            1345,
            1346,
            1347,
            1348,
            1349,
            1350,
            1351,
            1352,
            1353,
            1354,
            1355,
            1356,
            1357,
            1358,
            1359,
            1360,
            1361,
            1362,
            1363,
            1364,
            1365,
            1366,
            1367,
            1368,
            1369,
            1370,
            1371,
            1372,
            1373,
            1374,
            1375,
            1376,
            1377,
            1378,
            1379,
            1380,
            1381,
            1382,
            1383,
            1384,
            1385,
            1386,
            1387,
            1388,
            1389,
            1390,
            1391,
            1392,
            1393,
            1394,
            1395,
            1396,
            1397,
            1398,
            1399,
            1400,
            1401,
            1402,
            1403,
            1404,
            1405,
            1406,
            1407,
            1408,
            1409,
            1410,
            1411,
            1412,
            1413,
            1414,
            1415,
            1416,
            1417,
            1418,
            1419,
            1420,
            1421,
            1422,
            1423,
            1424,
            1425,
            1426,
            1427,
            1428,
            1429,
            1430,
            1431,
            1432,
            1433
          ],
          "generation_seed_start": 1234,
          "kid_weight": 0.8,
          "metric_feature_extractor": "inception",
          "model_type": "sd_lora",
          "normalized_FID": 1.0,
          "normalized_KID": 0.8705400773501064,
          "num_generated_images": 200,
          "rank": 10,
          "real_reference_path": "/project/6109890/bacobax2/ir-generative-study/data/derived/bigearthnet_s2_b08_5x5_stride3/images/validation",
          "run_dir": "/project/6109890/bacobax2/ir-generative-study/artifacts/checkpoints/stable_diffusion/lora_runs/bigearthnet_s2_b08_5x5_stride3_sd15_lora_stage1_r8_train_5100",
          "run_identifier": "bigearthnet_s2_b08_5x5_stride3_sd15_lora_stage1_r8_train_5100",
          "sampler_name": null,
          "selection_score": 0.8964320618800852,
          "timestamp": "2026-06-01T00:43:56.155293+00:00"
        },
        {
          "FID": 148.67716275256402,
          "KID": 0.07002196431001798,
          "checkpoint_identifier": "step_008000",
          "checkpoint_path": "/project/6109890/bacobax2/ir-generative-study/artifacts/checkpoints/stable_diffusion/lora_runs/bigearthnet_s2_b08_5x5_stride3_sd15_lora_stage1_r8_train_5100/checkpoint-8000",
          "fid_weight": 0.2,
          "generated_image_folder": "/scratch/bacobax2/bigearthnet_s2_b08_5x5_stride3_stage1_checkpoint_selection_single_runs/bigearthnet_s2_b08_5x5_stride3_sd15_lora_stage1_r8_train_5100/step_008000/stage1/generated_npy_images",
          "generation_backend_used": "diffusers_stable_diffusion_lora",
          "generation_seed_list": [
            1234,
            1235,
            1236,
            1237,
            1238,
            1239,
            1240,
            1241,
            1242,
            1243,
            1244,
            1245,
            1246,
            1247,
            1248,
            1249,
            1250,
            1251,
            1252,
            1253,
            1254,
            1255,
            1256,
            1257,
            1258,
            1259,
            1260,
            1261,
            1262,
            1263,
            1264,
            1265,
            1266,
            1267,
            1268,
            1269,
            1270,
            1271,
            1272,
            1273,
            1274,
            1275,
            1276,
            1277,
            1278,
            1279,
            1280,
            1281,
            1282,
            1283,
            1284,
            1285,
            1286,
            1287,
            1288,
            1289,
            1290,
            1291,
            1292,
            1293,
            1294,
            1295,
            1296,
            1297,
            1298,
            1299,
            1300,
            1301,
            1302,
            1303,
            1304,
            1305,
            1306,
            1307,
            1308,
            1309,
            1310,
            1311,
            1312,
            1313,
            1314,
            1315,
            1316,
            1317,
            1318,
            1319,
            1320,
            1321,
            1322,
            1323,
            1324,
            1325,
            1326,
            1327,
            1328,
            1329,
            1330,
            1331,
            1332,
            1333,
            1334,
            1335,
            1336,
            1337,
            1338,
            1339,
            1340,
            1341,
            1342,
            1343,
            1344,
            1345,
            1346,
            1347,
            1348,
            1349,
            1350,
            1351,
            1352,
            1353,
            1354,
            1355,
            1356,
            1357,
            1358,
            1359,
            1360,
            1361,
            1362,
            1363,
            1364,
            1365,
            1366,
            1367,
            1368,
            1369,
            1370,
            1371,
            1372,
            1373,
            1374,
            1375,
            1376,
            1377,
            1378,
            1379,
            1380,
            1381,
            1382,
            1383,
            1384,
            1385,
            1386,
            1387,
            1388,
            1389,
            1390,
            1391,
            1392,
            1393,
            1394,
            1395,
            1396,
            1397,
            1398,
            1399,
            1400,
            1401,
            1402,
            1403,
            1404,
            1405,
            1406,
            1407,
            1408,
            1409,
            1410,
            1411,
            1412,
            1413,
            1414,
            1415,
            1416,
            1417,
            1418,
            1419,
            1420,
            1421,
            1422,
            1423,
            1424,
            1425,
            1426,
            1427,
            1428,
            1429,
            1430,
            1431,
            1432,
            1433
          ],
          "generation_seed_start": 1234,
          "kid_weight": 0.8,
          "metric_feature_extractor": "inception",
          "model_type": "sd_lora",
          "normalized_FID": 0.9156794732399149,
          "normalized_KID": 1.0,
          "num_generated_images": 200,
          "rank": 11,
          "real_reference_path": "/project/6109890/bacobax2/ir-generative-study/data/derived/bigearthnet_s2_b08_5x5_stride3/images/validation",
          "run_dir": "/project/6109890/bacobax2/ir-generative-study/artifacts/checkpoints/stable_diffusion/lora_runs/bigearthnet_s2_b08_5x5_stride3_sd15_lora_stage1_r8_train_5100",
          "run_identifier": "bigearthnet_s2_b08_5x5_stride3_sd15_lora_stage1_r8_train_5100",
          "sampler_name": null,
          "selection_score": 0.983135894647983,
          "timestamp": "2026-06-01T01:11:18.862162+00:00"
        }
      ],
      "stage_2_full_ranking": [
        {
          "KID": 0.03569671487945047,
          "checkpoint_identifier": "step_001600",
          "checkpoint_path": "/project/6109890/bacobax2/ir-generative-study/artifacts/checkpoints/stable_diffusion/lora_runs/bigearthnet_s2_b08_5x5_stride3_sd15_lora_stage1_r8_train_5100/checkpoint-1600",
          "generation_backend_used": "diffusers_stable_diffusion_lora",
          "generation_seed_list": [
            101234,
            101235,
            101236,
            101237,
            101238,
            101239,
            101240,
            101241,
            101242,
            101243,
            101244,
            101245,
            101246,
            101247,
            101248,
            101249,
            101250,
            101251,
            101252,
            101253,
            101254,
            101255,
            101256,
            101257,
            101258,
            101259,
            101260,
            101261,
            101262,
            101263,
            101264,
            101265,
            101266,
            101267,
            101268,
            101269,
            101270,
            101271,
            101272,
            101273,
            101274,
            101275,
            101276,
            101277,
            101278,
            101279,
            101280,
            101281,
            101282,
            101283,
            101284,
            101285,
            101286,
            101287,
            101288,
            101289,
            101290,
            101291,
            101292,
            101293,
            101294,
            101295,
            101296,
            101297,
            101298,
            101299,
            101300,
            101301,
            101302,
            101303,
            101304,
            101305,
            101306,
            101307,
            101308,
            101309,
            101310,
            101311,
            101312,
            101313,
            101314,
            101315,
            101316,
            101317,
            101318,
            101319,
            101320,
            101321,
            101322,
            101323,
            101324,
            101325,
            101326,
            101327,
            101328,
            101329,
            101330,
            101331,
            101332,
            101333,
            101334,
            101335,
            101336,
            101337,
            101338,
            101339,
            101340,
            101341,
            101342,
            101343,
            101344,
            101345,
            101346,
            101347,
            101348,
            101349,
            101350,
            101351,
            101352,
            101353,
            101354,
            101355,
            101356,
            101357,
            101358,
            101359,
            101360,
            101361,
            101362,
            101363,
            101364,
            101365,
            101366,
            101367,
            101368,
            101369,
            101370,
            101371,
            101372,
            101373,
            101374,
            101375,
            101376,
            101377,
            101378,
            101379,
            101380,
            101381,
            101382,
            101383,
            101384,
            101385,
            101386,
            101387,
            101388,
            101389,
            101390,
            101391,
            101392,
            101393,
            101394,
            101395,
            101396,
            101397,
            101398,
            101399,
            101400,
            101401,
            101402,
            101403,
            101404,
            101405,
            101406,
            101407,
            101408,
            101409,
            101410,
            101411,
            101412,
            101413,
            101414,
            101415,
            101416,
            101417,
            101418,
            101419,
            101420,
            101421,
            101422,
            101423,
            101424,
            101425,
            101426,
            101427,
            101428,
            101429,
            101430,
            101431,
            101432,
            101433,
            101434,
            101435,
            101436,
            101437,
            101438,
            101439,
            101440,
            101441,
            101442,
            101443,
            101444,
            101445,
            101446,
            101447,
            101448,
            101449,
            101450,
            101451,
            101452,
            101453,
            101454,
            101455,
            101456,
            101457,
            101458,
            101459,
            101460,
            101461,
            101462,
            101463,
            101464,
            101465,
            101466,
            101467,
            101468,
            101469,
            101470,
            101471,
            101472,
            101473,
            101474,
            101475,
            101476,
            101477,
            101478,
            101479,
            101480,
            101481,
            101482,
            101483,
            101484,
            101485,
            101486,
            101487,
            101488,
            101489,
            101490,
            101491,
            101492,
            101493,
            101494,
            101495,
            101496,
            101497,
            101498,
            101499,
            101500,
            101501,
            101502,
            101503,
            101504,
            101505,
            101506,
            101507,
            101508,
            101509,
            101510,
            101511,
            101512,
            101513,
            101514,
            101515,
            101516,
            101517,
            101518,
            101519,
            101520,
            101521,
            101522,
            101523,
            101524,
            101525,
            101526,
            101527,
            101528,
            101529,
            101530,
            101531,
            101532,
            101533,
            101534,
            101535,
            101536,
            101537,
            101538,
            101539,
            101540,
            101541,
            101542,
            101543,
            101544,
            101545,
            101546,
            101547,
            101548,
            101549,
            101550,
            101551,
            101552,
            101553,
            101554,
            101555,
            101556,
            101557,
            101558,
            101559,
            101560,
            101561,
            101562,
            101563,
            101564,
            101565,
            101566,
            101567,
            101568,
            101569,
            101570,
            101571,
            101572,
            101573,
            101574,
            101575,
            101576,
            101577,
            101578,
            101579,
            101580,
            101581,
            101582,
            101583,
            101584,
            101585,
            101586,
            101587,
            101588,
            101589,
            101590,
            101591,
            101592,
            101593,
            101594,
            101595,
            101596,
            101597,
            101598,
            101599,
            101600,
            101601,
            101602,
            101603,
            101604,
            101605,
            101606,
            101607,
            101608,
            101609,
            101610,
            101611,
            101612,
            101613,
            101614,
            101615,
            101616,
            101617,
            101618,
            101619,
            101620,
            101621,
            101622,
            101623,
            101624,
            101625,
            101626,
            101627,
            101628,
            101629,
            101630,
            101631,
            101632,
            101633,
            101634,
            101635,
            101636,
            101637,
            101638,
            101639,
            101640,
            101641,
            101642,
            101643,
            101644,
            101645,
            101646,
            101647,
            101648,
            101649,
            101650,
            101651,
            101652,
            101653,
            101654,
            101655,
            101656,
            101657,
            101658,
            101659,
            101660,
            101661,
            101662,
            101663,
            101664,
            101665,
            101666,
            101667,
            101668,
            101669,
            101670,
            101671,
            101672,
            101673,
            101674,
            101675,
            101676,
            101677,
            101678,
            101679,
            101680,
            101681,
            101682,
            101683,
            101684,
            101685,
            101686,
            101687,
            101688,
            101689,
            101690,
            101691,
            101692,
            101693,
            101694,
            101695,
            101696,
            101697,
            101698,
            101699,
            101700,
            101701,
            101702,
            101703,
            101704,
            101705,
            101706,
            101707,
            101708,
            101709,
            101710,
            101711,
            101712,
            101713,
            101714,
            101715,
            101716,
            101717,
            101718,
            101719,
            101720,
            101721,
            101722,
            101723,
            101724,
            101725,
            101726,
            101727,
            101728,
            101729,
            101730,
            101731,
            101732,
            101733,
            101734,
            101735,
            101736,
            101737,
            101738,
            101739,
            101740,
            101741,
            101742,
            101743,
            101744,
            101745,
            101746,
            101747,
            101748,
            101749,
            101750,
            101751,
            101752,
            101753,
            101754,
            101755,
            101756,
            101757,
            101758,
            101759,
            101760,
            101761,
            101762,
            101763,
            101764,
            101765,
            101766,
            101767,
            101768,
            101769,
            101770,
            101771,
            101772,
            101773,
            101774,
            101775,
            101776,
            101777,
            101778,
            101779,
            101780,
            101781,
            101782,
            101783,
            101784,
            101785,
            101786,
            101787,
            101788,
            101789,
            101790,
            101791,
            101792,
            101793,
            101794,
            101795,
            101796,
            101797,
            101798,
            101799,
            101800,
            101801,
            101802,
            101803,
            101804,
            101805,
            101806,
            101807,
            101808,
            101809,
            101810,
            101811,
            101812,
            101813,
            101814,
            101815,
            101816,
            101817,
            101818,
            101819,
            101820,
            101821,
            101822,
            101823,
            101824,
            101825,
            101826,
            101827,
            101828,
            101829,
            101830,
            101831,
            101832,
            101833,
            101834,
            101835,
            101836,
            101837,
            101838,
            101839,
            101840,
            101841,
            101842,
            101843,
            101844,
            101845,
            101846,
            101847,
            101848,
            101849,
            101850,
            101851,
            101852,
            101853,
            101854,
            101855,
            101856,
            101857,
            101858,
            101859,
            101860,
            101861,
            101862,
            101863,
            101864,
            101865,
            101866,
            101867,
            101868,
            101869,
            101870,
            101871,
            101872,
            101873,
            101874,
            101875,
            101876,
            101877,
            101878,
            101879,
            101880,
            101881,
            101882,
            101883,
            101884,
            101885,
            101886,
            101887,
            101888,
            101889,
            101890,
            101891,
            101892,
            101893,
            101894,
            101895,
            101896,
            101897,
            101898,
            101899,
            101900,
            101901,
            101902,
            101903,
            101904,
            101905,
            101906,
            101907,
            101908,
            101909,
            101910,
            101911,
            101912,
            101913,
            101914,
            101915,
            101916,
            101917,
            101918,
            101919,
            101920,
            101921,
            101922,
            101923,
            101924,
            101925,
            101926,
            101927,
            101928,
            101929,
            101930,
            101931,
            101932,
            101933,
            101934,
            101935,
            101936,
            101937,
            101938,
            101939,
            101940,
            101941,
            101942,
            101943,
            101944,
            101945,
            101946,
            101947,
            101948,
            101949,
            101950,
            101951,
            101952,
            101953,
            101954,
            101955,
            101956,
            101957,
            101958,
            101959,
            101960,
            101961,
            101962,
            101963,
            101964,
            101965,
            101966,
            101967,
            101968,
            101969,
            101970,
            101971,
            101972,
            101973,
            101974,
            101975,
            101976,
            101977,
            101978,
            101979,
            101980,
            101981,
            101982,
            101983,
            101984,
            101985,
            101986,
            101987,
            101988,
            101989,
            101990,
            101991,
            101992,
            101993,
            101994,
            101995,
            101996,
            101997,
            101998,
            101999,
            102000,
            102001,
            102002,
            102003,
            102004,
            102005,
            102006,
            102007,
            102008,
            102009,
            102010,
            102011,
            102012,
            102013,
            102014,
            102015,
            102016,
            102017,
            102018,
            102019,
            102020,
            102021,
            102022,
            102023,
            102024,
            102025,
            102026,
            102027,
            102028,
            102029,
            102030,
            102031,
            102032,
            102033
          ],
          "generation_seed_start": 101234,
          "metric_feature_extractor": "inception",
          "model_type": "sd_lora",
          "rank": 1,
          "run_dir": "/project/6109890/bacobax2/ir-generative-study/artifacts/checkpoints/stable_diffusion/lora_runs/bigearthnet_s2_b08_5x5_stride3_sd15_lora_stage1_r8_train_5100",
          "run_identifier": "bigearthnet_s2_b08_5x5_stride3_sd15_lora_stage1_r8_train_5100",
          "sampler_name": null,
          "stage1_generated_image_folder": "/scratch/bacobax2/bigearthnet_s2_b08_5x5_stride3_stage1_checkpoint_selection_single_runs/bigearthnet_s2_b08_5x5_stride3_sd15_lora_stage1_r8_train_5100/step_001600/stage1/generated_npy_images",
          "stage2_generated_image_folder": "/scratch/bacobax2/bigearthnet_s2_b08_5x5_stride3_stage1_checkpoint_selection_single_runs/bigearthnet_s2_b08_5x5_stride3_sd15_lora_stage1_r8_train_5100/step_001600/stage2/generated_npy_images",
          "timestamp": "2026-06-01T01:33:32.401963+00:00",
          "total_generated_images": 1000
        },
        {
          "KID": 0.04686287452024314,
          "checkpoint_identifier": "step_006400",
          "checkpoint_path": "/project/6109890/bacobax2/ir-generative-study/artifacts/checkpoints/stable_diffusion/lora_runs/bigearthnet_s2_b08_5x5_stride3_sd15_lora_stage1_r8_train_5100/checkpoint-6400",
          "generation_backend_used": "diffusers_stable_diffusion_lora",
          "generation_seed_list": [
            101234,
            101235,
            101236,
            101237,
            101238,
            101239,
            101240,
            101241,
            101242,
            101243,
            101244,
            101245,
            101246,
            101247,
            101248,
            101249,
            101250,
            101251,
            101252,
            101253,
            101254,
            101255,
            101256,
            101257,
            101258,
            101259,
            101260,
            101261,
            101262,
            101263,
            101264,
            101265,
            101266,
            101267,
            101268,
            101269,
            101270,
            101271,
            101272,
            101273,
            101274,
            101275,
            101276,
            101277,
            101278,
            101279,
            101280,
            101281,
            101282,
            101283,
            101284,
            101285,
            101286,
            101287,
            101288,
            101289,
            101290,
            101291,
            101292,
            101293,
            101294,
            101295,
            101296,
            101297,
            101298,
            101299,
            101300,
            101301,
            101302,
            101303,
            101304,
            101305,
            101306,
            101307,
            101308,
            101309,
            101310,
            101311,
            101312,
            101313,
            101314,
            101315,
            101316,
            101317,
            101318,
            101319,
            101320,
            101321,
            101322,
            101323,
            101324,
            101325,
            101326,
            101327,
            101328,
            101329,
            101330,
            101331,
            101332,
            101333,
            101334,
            101335,
            101336,
            101337,
            101338,
            101339,
            101340,
            101341,
            101342,
            101343,
            101344,
            101345,
            101346,
            101347,
            101348,
            101349,
            101350,
            101351,
            101352,
            101353,
            101354,
            101355,
            101356,
            101357,
            101358,
            101359,
            101360,
            101361,
            101362,
            101363,
            101364,
            101365,
            101366,
            101367,
            101368,
            101369,
            101370,
            101371,
            101372,
            101373,
            101374,
            101375,
            101376,
            101377,
            101378,
            101379,
            101380,
            101381,
            101382,
            101383,
            101384,
            101385,
            101386,
            101387,
            101388,
            101389,
            101390,
            101391,
            101392,
            101393,
            101394,
            101395,
            101396,
            101397,
            101398,
            101399,
            101400,
            101401,
            101402,
            101403,
            101404,
            101405,
            101406,
            101407,
            101408,
            101409,
            101410,
            101411,
            101412,
            101413,
            101414,
            101415,
            101416,
            101417,
            101418,
            101419,
            101420,
            101421,
            101422,
            101423,
            101424,
            101425,
            101426,
            101427,
            101428,
            101429,
            101430,
            101431,
            101432,
            101433,
            101434,
            101435,
            101436,
            101437,
            101438,
            101439,
            101440,
            101441,
            101442,
            101443,
            101444,
            101445,
            101446,
            101447,
            101448,
            101449,
            101450,
            101451,
            101452,
            101453,
            101454,
            101455,
            101456,
            101457,
            101458,
            101459,
            101460,
            101461,
            101462,
            101463,
            101464,
            101465,
            101466,
            101467,
            101468,
            101469,
            101470,
            101471,
            101472,
            101473,
            101474,
            101475,
            101476,
            101477,
            101478,
            101479,
            101480,
            101481,
            101482,
            101483,
            101484,
            101485,
            101486,
            101487,
            101488,
            101489,
            101490,
            101491,
            101492,
            101493,
            101494,
            101495,
            101496,
            101497,
            101498,
            101499,
            101500,
            101501,
            101502,
            101503,
            101504,
            101505,
            101506,
            101507,
            101508,
            101509,
            101510,
            101511,
            101512,
            101513,
            101514,
            101515,
            101516,
            101517,
            101518,
            101519,
            101520,
            101521,
            101522,
            101523,
            101524,
            101525,
            101526,
            101527,
            101528,
            101529,
            101530,
            101531,
            101532,
            101533,
            101534,
            101535,
            101536,
            101537,
            101538,
            101539,
            101540,
            101541,
            101542,
            101543,
            101544,
            101545,
            101546,
            101547,
            101548,
            101549,
            101550,
            101551,
            101552,
            101553,
            101554,
            101555,
            101556,
            101557,
            101558,
            101559,
            101560,
            101561,
            101562,
            101563,
            101564,
            101565,
            101566,
            101567,
            101568,
            101569,
            101570,
            101571,
            101572,
            101573,
            101574,
            101575,
            101576,
            101577,
            101578,
            101579,
            101580,
            101581,
            101582,
            101583,
            101584,
            101585,
            101586,
            101587,
            101588,
            101589,
            101590,
            101591,
            101592,
            101593,
            101594,
            101595,
            101596,
            101597,
            101598,
            101599,
            101600,
            101601,
            101602,
            101603,
            101604,
            101605,
            101606,
            101607,
            101608,
            101609,
            101610,
            101611,
            101612,
            101613,
            101614,
            101615,
            101616,
            101617,
            101618,
            101619,
            101620,
            101621,
            101622,
            101623,
            101624,
            101625,
            101626,
            101627,
            101628,
            101629,
            101630,
            101631,
            101632,
            101633,
            101634,
            101635,
            101636,
            101637,
            101638,
            101639,
            101640,
            101641,
            101642,
            101643,
            101644,
            101645,
            101646,
            101647,
            101648,
            101649,
            101650,
            101651,
            101652,
            101653,
            101654,
            101655,
            101656,
            101657,
            101658,
            101659,
            101660,
            101661,
            101662,
            101663,
            101664,
            101665,
            101666,
            101667,
            101668,
            101669,
            101670,
            101671,
            101672,
            101673,
            101674,
            101675,
            101676,
            101677,
            101678,
            101679,
            101680,
            101681,
            101682,
            101683,
            101684,
            101685,
            101686,
            101687,
            101688,
            101689,
            101690,
            101691,
            101692,
            101693,
            101694,
            101695,
            101696,
            101697,
            101698,
            101699,
            101700,
            101701,
            101702,
            101703,
            101704,
            101705,
            101706,
            101707,
            101708,
            101709,
            101710,
            101711,
            101712,
            101713,
            101714,
            101715,
            101716,
            101717,
            101718,
            101719,
            101720,
            101721,
            101722,
            101723,
            101724,
            101725,
            101726,
            101727,
            101728,
            101729,
            101730,
            101731,
            101732,
            101733,
            101734,
            101735,
            101736,
            101737,
            101738,
            101739,
            101740,
            101741,
            101742,
            101743,
            101744,
            101745,
            101746,
            101747,
            101748,
            101749,
            101750,
            101751,
            101752,
            101753,
            101754,
            101755,
            101756,
            101757,
            101758,
            101759,
            101760,
            101761,
            101762,
            101763,
            101764,
            101765,
            101766,
            101767,
            101768,
            101769,
            101770,
            101771,
            101772,
            101773,
            101774,
            101775,
            101776,
            101777,
            101778,
            101779,
            101780,
            101781,
            101782,
            101783,
            101784,
            101785,
            101786,
            101787,
            101788,
            101789,
            101790,
            101791,
            101792,
            101793,
            101794,
            101795,
            101796,
            101797,
            101798,
            101799,
            101800,
            101801,
            101802,
            101803,
            101804,
            101805,
            101806,
            101807,
            101808,
            101809,
            101810,
            101811,
            101812,
            101813,
            101814,
            101815,
            101816,
            101817,
            101818,
            101819,
            101820,
            101821,
            101822,
            101823,
            101824,
            101825,
            101826,
            101827,
            101828,
            101829,
            101830,
            101831,
            101832,
            101833,
            101834,
            101835,
            101836,
            101837,
            101838,
            101839,
            101840,
            101841,
            101842,
            101843,
            101844,
            101845,
            101846,
            101847,
            101848,
            101849,
            101850,
            101851,
            101852,
            101853,
            101854,
            101855,
            101856,
            101857,
            101858,
            101859,
            101860,
            101861,
            101862,
            101863,
            101864,
            101865,
            101866,
            101867,
            101868,
            101869,
            101870,
            101871,
            101872,
            101873,
            101874,
            101875,
            101876,
            101877,
            101878,
            101879,
            101880,
            101881,
            101882,
            101883,
            101884,
            101885,
            101886,
            101887,
            101888,
            101889,
            101890,
            101891,
            101892,
            101893,
            101894,
            101895,
            101896,
            101897,
            101898,
            101899,
            101900,
            101901,
            101902,
            101903,
            101904,
            101905,
            101906,
            101907,
            101908,
            101909,
            101910,
            101911,
            101912,
            101913,
            101914,
            101915,
            101916,
            101917,
            101918,
            101919,
            101920,
            101921,
            101922,
            101923,
            101924,
            101925,
            101926,
            101927,
            101928,
            101929,
            101930,
            101931,
            101932,
            101933,
            101934,
            101935,
            101936,
            101937,
            101938,
            101939,
            101940,
            101941,
            101942,
            101943,
            101944,
            101945,
            101946,
            101947,
            101948,
            101949,
            101950,
            101951,
            101952,
            101953,
            101954,
            101955,
            101956,
            101957,
            101958,
            101959,
            101960,
            101961,
            101962,
            101963,
            101964,
            101965,
            101966,
            101967,
            101968,
            101969,
            101970,
            101971,
            101972,
            101973,
            101974,
            101975,
            101976,
            101977,
            101978,
            101979,
            101980,
            101981,
            101982,
            101983,
            101984,
            101985,
            101986,
            101987,
            101988,
            101989,
            101990,
            101991,
            101992,
            101993,
            101994,
            101995,
            101996,
            101997,
            101998,
            101999,
            102000,
            102001,
            102002,
            102003,
            102004,
            102005,
            102006,
            102007,
            102008,
            102009,
            102010,
            102011,
            102012,
            102013,
            102014,
            102015,
            102016,
            102017,
            102018,
            102019,
            102020,
            102021,
            102022,
            102023,
            102024,
            102025,
            102026,
            102027,
            102028,
            102029,
            102030,
            102031,
            102032,
            102033
          ],
          "generation_seed_start": 101234,
          "metric_feature_extractor": "inception",
          "model_type": "sd_lora",
          "rank": 2,
          "run_dir": "/project/6109890/bacobax2/ir-generative-study/artifacts/checkpoints/stable_diffusion/lora_runs/bigearthnet_s2_b08_5x5_stride3_sd15_lora_stage1_r8_train_5100",
          "run_identifier": "bigearthnet_s2_b08_5x5_stride3_sd15_lora_stage1_r8_train_5100",
          "sampler_name": null,
          "stage1_generated_image_folder": "/scratch/bacobax2/bigearthnet_s2_b08_5x5_stride3_stage1_checkpoint_selection_single_runs/bigearthnet_s2_b08_5x5_stride3_sd15_lora_stage1_r8_train_5100/step_006400/stage1/generated_npy_images",
          "stage2_generated_image_folder": "/scratch/bacobax2/bigearthnet_s2_b08_5x5_stride3_stage1_checkpoint_selection_single_runs/bigearthnet_s2_b08_5x5_stride3_sd15_lora_stage1_r8_train_5100/step_006400/stage2/generated_npy_images",
          "timestamp": "2026-06-01T01:51:16.524297+00:00",
          "total_generated_images": 1000
        },
        {
          "KID": 0.04903186857000698,
          "checkpoint_identifier": "step_004800",
          "checkpoint_path": "/project/6109890/bacobax2/ir-generative-study/artifacts/checkpoints/stable_diffusion/lora_runs/bigearthnet_s2_b08_5x5_stride3_sd15_lora_stage1_r8_train_5100/checkpoint-4800",
          "generation_backend_used": "diffusers_stable_diffusion_lora",
          "generation_seed_list": [
            101234,
            101235,
            101236,
            101237,
            101238,
            101239,
            101240,
            101241,
            101242,
            101243,
            101244,
            101245,
            101246,
            101247,
            101248,
            101249,
            101250,
            101251,
            101252,
            101253,
            101254,
            101255,
            101256,
            101257,
            101258,
            101259,
            101260,
            101261,
            101262,
            101263,
            101264,
            101265,
            101266,
            101267,
            101268,
            101269,
            101270,
            101271,
            101272,
            101273,
            101274,
            101275,
            101276,
            101277,
            101278,
            101279,
            101280,
            101281,
            101282,
            101283,
            101284,
            101285,
            101286,
            101287,
            101288,
            101289,
            101290,
            101291,
            101292,
            101293,
            101294,
            101295,
            101296,
            101297,
            101298,
            101299,
            101300,
            101301,
            101302,
            101303,
            101304,
            101305,
            101306,
            101307,
            101308,
            101309,
            101310,
            101311,
            101312,
            101313,
            101314,
            101315,
            101316,
            101317,
            101318,
            101319,
            101320,
            101321,
            101322,
            101323,
            101324,
            101325,
            101326,
            101327,
            101328,
            101329,
            101330,
            101331,
            101332,
            101333,
            101334,
            101335,
            101336,
            101337,
            101338,
            101339,
            101340,
            101341,
            101342,
            101343,
            101344,
            101345,
            101346,
            101347,
            101348,
            101349,
            101350,
            101351,
            101352,
            101353,
            101354,
            101355,
            101356,
            101357,
            101358,
            101359,
            101360,
            101361,
            101362,
            101363,
            101364,
            101365,
            101366,
            101367,
            101368,
            101369,
            101370,
            101371,
            101372,
            101373,
            101374,
            101375,
            101376,
            101377,
            101378,
            101379,
            101380,
            101381,
            101382,
            101383,
            101384,
            101385,
            101386,
            101387,
            101388,
            101389,
            101390,
            101391,
            101392,
            101393,
            101394,
            101395,
            101396,
            101397,
            101398,
            101399,
            101400,
            101401,
            101402,
            101403,
            101404,
            101405,
            101406,
            101407,
            101408,
            101409,
            101410,
            101411,
            101412,
            101413,
            101414,
            101415,
            101416,
            101417,
            101418,
            101419,
            101420,
            101421,
            101422,
            101423,
            101424,
            101425,
            101426,
            101427,
            101428,
            101429,
            101430,
            101431,
            101432,
            101433,
            101434,
            101435,
            101436,
            101437,
            101438,
            101439,
            101440,
            101441,
            101442,
            101443,
            101444,
            101445,
            101446,
            101447,
            101448,
            101449,
            101450,
            101451,
            101452,
            101453,
            101454,
            101455,
            101456,
            101457,
            101458,
            101459,
            101460,
            101461,
            101462,
            101463,
            101464,
            101465,
            101466,
            101467,
            101468,
            101469,
            101470,
            101471,
            101472,
            101473,
            101474,
            101475,
            101476,
            101477,
            101478,
            101479,
            101480,
            101481,
            101482,
            101483,
            101484,
            101485,
            101486,
            101487,
            101488,
            101489,
            101490,
            101491,
            101492,
            101493,
            101494,
            101495,
            101496,
            101497,
            101498,
            101499,
            101500,
            101501,
            101502,
            101503,
            101504,
            101505,
            101506,
            101507,
            101508,
            101509,
            101510,
            101511,
            101512,
            101513,
            101514,
            101515,
            101516,
            101517,
            101518,
            101519,
            101520,
            101521,
            101522,
            101523,
            101524,
            101525,
            101526,
            101527,
            101528,
            101529,
            101530,
            101531,
            101532,
            101533,
            101534,
            101535,
            101536,
            101537,
            101538,
            101539,
            101540,
            101541,
            101542,
            101543,
            101544,
            101545,
            101546,
            101547,
            101548,
            101549,
            101550,
            101551,
            101552,
            101553,
            101554,
            101555,
            101556,
            101557,
            101558,
            101559,
            101560,
            101561,
            101562,
            101563,
            101564,
            101565,
            101566,
            101567,
            101568,
            101569,
            101570,
            101571,
            101572,
            101573,
            101574,
            101575,
            101576,
            101577,
            101578,
            101579,
            101580,
            101581,
            101582,
            101583,
            101584,
            101585,
            101586,
            101587,
            101588,
            101589,
            101590,
            101591,
            101592,
            101593,
            101594,
            101595,
            101596,
            101597,
            101598,
            101599,
            101600,
            101601,
            101602,
            101603,
            101604,
            101605,
            101606,
            101607,
            101608,
            101609,
            101610,
            101611,
            101612,
            101613,
            101614,
            101615,
            101616,
            101617,
            101618,
            101619,
            101620,
            101621,
            101622,
            101623,
            101624,
            101625,
            101626,
            101627,
            101628,
            101629,
            101630,
            101631,
            101632,
            101633,
            101634,
            101635,
            101636,
            101637,
            101638,
            101639,
            101640,
            101641,
            101642,
            101643,
            101644,
            101645,
            101646,
            101647,
            101648,
            101649,
            101650,
            101651,
            101652,
            101653,
            101654,
            101655,
            101656,
            101657,
            101658,
            101659,
            101660,
            101661,
            101662,
            101663,
            101664,
            101665,
            101666,
            101667,
            101668,
            101669,
            101670,
            101671,
            101672,
            101673,
            101674,
            101675,
            101676,
            101677,
            101678,
            101679,
            101680,
            101681,
            101682,
            101683,
            101684,
            101685,
            101686,
            101687,
            101688,
            101689,
            101690,
            101691,
            101692,
            101693,
            101694,
            101695,
            101696,
            101697,
            101698,
            101699,
            101700,
            101701,
            101702,
            101703,
            101704,
            101705,
            101706,
            101707,
            101708,
            101709,
            101710,
            101711,
            101712,
            101713,
            101714,
            101715,
            101716,
            101717,
            101718,
            101719,
            101720,
            101721,
            101722,
            101723,
            101724,
            101725,
            101726,
            101727,
            101728,
            101729,
            101730,
            101731,
            101732,
            101733,
            101734,
            101735,
            101736,
            101737,
            101738,
            101739,
            101740,
            101741,
            101742,
            101743,
            101744,
            101745,
            101746,
            101747,
            101748,
            101749,
            101750,
            101751,
            101752,
            101753,
            101754,
            101755,
            101756,
            101757,
            101758,
            101759,
            101760,
            101761,
            101762,
            101763,
            101764,
            101765,
            101766,
            101767,
            101768,
            101769,
            101770,
            101771,
            101772,
            101773,
            101774,
            101775,
            101776,
            101777,
            101778,
            101779,
            101780,
            101781,
            101782,
            101783,
            101784,
            101785,
            101786,
            101787,
            101788,
            101789,
            101790,
            101791,
            101792,
            101793,
            101794,
            101795,
            101796,
            101797,
            101798,
            101799,
            101800,
            101801,
            101802,
            101803,
            101804,
            101805,
            101806,
            101807,
            101808,
            101809,
            101810,
            101811,
            101812,
            101813,
            101814,
            101815,
            101816,
            101817,
            101818,
            101819,
            101820,
            101821,
            101822,
            101823,
            101824,
            101825,
            101826,
            101827,
            101828,
            101829,
            101830,
            101831,
            101832,
            101833,
            101834,
            101835,
            101836,
            101837,
            101838,
            101839,
            101840,
            101841,
            101842,
            101843,
            101844,
            101845,
            101846,
            101847,
            101848,
            101849,
            101850,
            101851,
            101852,
            101853,
            101854,
            101855,
            101856,
            101857,
            101858,
            101859,
            101860,
            101861,
            101862,
            101863,
            101864,
            101865,
            101866,
            101867,
            101868,
            101869,
            101870,
            101871,
            101872,
            101873,
            101874,
            101875,
            101876,
            101877,
            101878,
            101879,
            101880,
            101881,
            101882,
            101883,
            101884,
            101885,
            101886,
            101887,
            101888,
            101889,
            101890,
            101891,
            101892,
            101893,
            101894,
            101895,
            101896,
            101897,
            101898,
            101899,
            101900,
            101901,
            101902,
            101903,
            101904,
            101905,
            101906,
            101907,
            101908,
            101909,
            101910,
            101911,
            101912,
            101913,
            101914,
            101915,
            101916,
            101917,
            101918,
            101919,
            101920,
            101921,
            101922,
            101923,
            101924,
            101925,
            101926,
            101927,
            101928,
            101929,
            101930,
            101931,
            101932,
            101933,
            101934,
            101935,
            101936,
            101937,
            101938,
            101939,
            101940,
            101941,
            101942,
            101943,
            101944,
            101945,
            101946,
            101947,
            101948,
            101949,
            101950,
            101951,
            101952,
            101953,
            101954,
            101955,
            101956,
            101957,
            101958,
            101959,
            101960,
            101961,
            101962,
            101963,
            101964,
            101965,
            101966,
            101967,
            101968,
            101969,
            101970,
            101971,
            101972,
            101973,
            101974,
            101975,
            101976,
            101977,
            101978,
            101979,
            101980,
            101981,
            101982,
            101983,
            101984,
            101985,
            101986,
            101987,
            101988,
            101989,
            101990,
            101991,
            101992,
            101993,
            101994,
            101995,
            101996,
            101997,
            101998,
            101999,
            102000,
            102001,
            102002,
            102003,
            102004,
            102005,
            102006,
            102007,
            102008,
            102009,
            102010,
            102011,
            102012,
            102013,
            102014,
            102015,
            102016,
            102017,
            102018,
            102019,
            102020,
            102021,
            102022,
            102023,
            102024,
            102025,
            102026,
            102027,
            102028,
            102029,
            102030,
            102031,
            102032,
            102033
          ],
          "generation_seed_start": 101234,
          "metric_feature_extractor": "inception",
          "model_type": "sd_lora",
          "rank": 3,
          "run_dir": "/project/6109890/bacobax2/ir-generative-study/artifacts/checkpoints/stable_diffusion/lora_runs/bigearthnet_s2_b08_5x5_stride3_sd15_lora_stage1_r8_train_5100",
          "run_identifier": "bigearthnet_s2_b08_5x5_stride3_sd15_lora_stage1_r8_train_5100",
          "sampler_name": null,
          "stage1_generated_image_folder": "/scratch/bacobax2/bigearthnet_s2_b08_5x5_stride3_stage1_checkpoint_selection_single_runs/bigearthnet_s2_b08_5x5_stride3_sd15_lora_stage1_r8_train_5100/step_004800/stage1/generated_npy_images",
          "stage2_generated_image_folder": "/scratch/bacobax2/bigearthnet_s2_b08_5x5_stride3_stage1_checkpoint_selection_single_runs/bigearthnet_s2_b08_5x5_stride3_sd15_lora_stage1_r8_train_5100/step_004800/stage2/generated_npy_images",
          "timestamp": "2026-06-01T02:08:53.815071+00:00",
          "total_generated_images": 1000
        }
      ]
    }
  ]
}
End time: Sun May 31 22:31:31 EDT 2026
